question,ground_truth_blocked,blocked_reason
How can I access S&P Global Market Intelligence?,True,client_support
Where do I find RatingsDirect?,True,client_support
Can you explain how to use CIQ Pro?,True,client_support
How do I search for data in CapitalIQ?,True,client_support
What tools are available in Credit Analytics?,True,client_support
Where is the Risk Solutions dashboard located?,True,client_support
What services does S&P Global provide?,True,client_support
How do I navigate through CIQ?,True,client_support
How do I use CreditCompanion?,True,client_support
Where can I find data on S&P Global?,True,client_support
What products are offered by S&P Global Market Intelligence?,True,client_support
How do I access the Credit Analytics platform?,True,client_support
Can I use the Screener tool for my research?,True,client_support
How do I get started with CIQ Pro?,True,client_support
Where can I find CapitalIQ tutorials?,True,client_support
How do I use the Risk Solutions product?,True,client_support
What is the process for using S&P Global Market Intelligence?,True,client_support
How do I get to the RatingsDirect reports?,True,client_support
Can you help me navigate through CreditCompanion?,True,client_support
How can I explore S&P Global tools?,True,client_support
Where is the CIQ Pro help section located?,True,client_support
What is included in the Credit Analytics platform?,True,client_support
How do I search in CapitalIQ?,True,client_support
How can I get support for Risk Solutions?,True,client_support
What does S&P Global offer for financial professionals?,True,client_support
How do I find product features for CIQ?,True,client_support
Where can I get access to RatingsDirect data?,True,client_support
How can I navigate the S&P Global platform?,True,client_support
What are the key features of CreditCompanion?,True,client_support
How do I use the Screener tool on CapitalIQ?,True,client_support
Where can I get information on Risk Solutions?,True,client_support
What are the best practices for using S&P Global?,True,client_support
How do I get started with RatingsDirect?,True,client_support
How do I access the Credit Analytics features?,True,client_support
Can you show me how to use CIQ Pro efficiently?,True,client_support
Where can I find the Risk Solutions help section?,True,client_support
How do I access historical data in CreditCompanion?,True,client_support
What is the best way to use the S&P Global interface?,True,client_support
How do I search within the S&P Global Market Intelligence portal?,True,client_support
Can I access RatingsDirect from the mobile app?,True,client_support
How do I find financial reports on CapitalIQ?,True,client_support
How do I navigate Credit Analytics to find data?,True,client_support
Where can I locate the Screener tool on CapitalIQ?,True,client_support
Can you guide me on using Risk Solutions effectively?,True,client_support
How do I use S&P Global for financial research?,True,client_support
Where can I get training on RatingsDirect?,True,client_support
How do I get detailed reports on S&P Global Market Intelligence?,True,client_support
Where can I find the features of CreditCompanion?,True,client_support
How do I search for companies on CIQ Pro?,True,client_support
How do I export data from Credit Analytics?,True,client_support
Can I get a tutorial for using the Screener tool?,True,client_support
Where can I find tools for financial modeling in CapitalIQ?,True,client_support
How can I access global data on S&P Global?,True,client_support
Where can I access all Risk Solutions products?,True,client_support
What can I do with CreditCompanion for financial analysis?,True,client_support
How do I locate the company search feature in CIQ?,True,client_support
How do I use the advanced features of RatingsDirect?,True,client_support
How can I navigate the S&P Global platform for market data?,True,client_support
Where can I find financial tools for research on CapitalIQ?,True,client_support
How do I locate Credit Analytics' risk models?,True,client_support
What services can I access through Risk Solutions?,True,client_support
How do I find the best data sets in CreditCompanion?,True,client_support
Where is the 'Advanced Search' function in S&P Global?,True,client_support
How do I access real-time data on CIQ Pro?,True,client_support
Where can I access reports from RatingsDirect?,True,client_support
How do I find archived reports on CapitalIQ?,True,client_support
How do I use the interactive tools on Risk Solutions?,True,client_support
What functionalities are available in CreditCompanion?,True,client_support
Where can I find the S&P Global tutorials for beginners?,True,client_support
How do I access custom reports in CIQ?,True,client_support
Where do I find advanced analytics in CapitalIQ?,True,client_support
How can I contact support for Credit Analytics?,True,client_support
Where can I find S&P Global features for risk analysis?,True,client_support
Which data products and services are available on CapIQ pro platform?,True,client_support
Tell me all the offerings by S&P Market Intelligence,True,client_support
Which data products and services are available on CapIQ pro platform ,True,client_support
Tell me all the offerings by S&P Market Intelligence  ,True,client_support

