{
  "template_name": "Company Analysis",
  "template_description": "A comprehensive analysis of a company, including its financials, ratings, market data, and peer comparisons.",
  "template_version": "1.0",
  "template_prompt": "Add a conclusion section at the end and an introduction section at the beginning.\nYou must follow the same schema as the other sections.\nDo not add more than 10 sentences in the content of these sections.",
  "sections": [
    {
      "section_title": "Company Overview",
      "subsections": [
        {
          "title": "Company Description",
          "description": "",
          "system_prompt": "",
          "tools": [
            "get_company_description",
            "bedrock_retrieve_and_generate",
            "get_company_officers",
            "get_company_RD_industry",
            "get_company_MI_industry",
            "get_company_CIQ_industry",
            "get_documents_from_research_articles"
          ]
        },
        {
          "title": "Geographic Mix",
          "description": "",
          "system_prompt": "",
          "tools": [
            "get_company_description",
            "bedrock_retrieve_and_generate",
            "get_company_RD_industry",
            "get_company_MI_industry",
            "get_company_CIQ_industry",
            "get_documents_from_research_articles"
          ]
        },
        {
          "title": "Segment Mix",
          "description": "",
          "system_prompt": "",
          "tools": [
            "get_company_description",
            "bedrock_retrieve_and_generate",
            "get_company_RD_industry",
            "get_company_MI_industry",
            "get_company_CIQ_industry",
            "get_documents_from_research_articles"
          ]
        }
      ],
      "tools": [
        "get_company_description",
        "bedrock_retrieve_and_generate",
        "get_company_officers",
        "get_company_RD_industry",
        "get_company_MI_industry",
        "get_company_CIQ_industry",
        "get_documents_from_research_articles"
      ]
    },
    {
      "section_title": "Agency Ratings",
      "subsections": [
        {
          "title": "S&P Current Ratings",
          "description": "",
          "system_prompt": "",
          "tools": [
            "get_company_description",
            "get_latest_ratings",
            "get_historical_rating_data",
            "create_bar_chart",
            "create_pie_chart",
            "create_line_chart",
            "create_area_chart",
            "create_scatter_chart",
            "get_moodys_latest_ratings",
            "get_fitch_latest_ratings",
            "bedrock_retrieve_and_generate",
            "get_company_RD_industry",
            "get_company_MI_industry",
            "get_company_CIQ_industry",
            "get_documents_from_research_articles"
          ]
        },
        {
          "title": "Credit Outlook",
          "description": "",
          "system_prompt": "",
          "tools": [
            "get_company_description",
            "get_latest_ratings",
            "get_historical_rating_data",
            "create_bar_chart",
            "create_pie_chart",
            "create_line_chart",
            "create_area_chart",
            "create_scatter_chart",
            "get_moodys_latest_ratings",
            "get_fitch_latest_ratings",
            "bedrock_retrieve_and_generate",
            "get_company_RD_industry",
            "get_company_MI_industry",
            "get_company_CIQ_industry",
            "get_documents_from_research_articles"
          ]
        },
        {
          "title": "S&P Ratings History",
          "description": "",
          "system_prompt": "",
          "tools": [
            "get_company_description",
            "get_historical_rating_data",
            "create_bar_chart",
            "create_pie_chart",
            "create_line_chart",
            "create_area_chart",
            "create_scatter_chart",
            "bedrock_retrieve_and_generate",
            "get_company_RD_industry",
            "get_company_MI_industry",
            "get_company_CIQ_industry",
            "get_documents_from_research_articles"
          ]
        },
        {
          "title": "Moody's & Fitch Ratings & History",
          "description": "",
          "system_prompt": "",
          "tools": [
            "get_company_description",
            "create_bar_chart",
            "create_pie_chart",
            "create_line_chart",
            "create_area_chart",
            "create_scatter_chart",
            "get_moodys_history_ratings",
            "get_fitch_History_ratings",
            "bedrock_retrieve_and_generate"
          ]
        }
      ],
      "tools": [
        "get_company_description",
        "get_latest_ratings",
        "get_historical_rating_data",
        "create_bar_chart",
        "create_pie_chart",
        "create_line_chart",
        "create_area_chart",
        "create_scatter_chart",
        "get_moodys_latest_ratings",
        "get_fitch_latest_ratings",
        "bedrock_retrieve_and_generate",
        "get_company_RD_industry",
        "get_company_MI_industry",
        "get_company_CIQ_industry",
        "get_documents_from_research_articles"
      ]
    },
    {
      "section_title": "Market Data & Financials",
      "subsections": [
        {
          "title": "Share Price",
          "description": "",
          "system_prompt": "",
          "tools": [
            "get_company_description",
            "get_company_CSD_financials",
            "get_company_CIQ_financials",
            "bedrock_retrieve_and_generate",
            "get_company_RD_industry",
            "get_company_MI_industry",
            "get_company_CIQ_industry",
            "get_documents_from_research_articles"
          ]
        },
        {
          "title": "Key Financials (Sources & Uses of Liquidity)",
          "description": "",
          "system_prompt": "",
          "tools": [
            "get_company_description",
            "get_company_CSD_financials",
            "get_company_CIQ_financials",
            "bedrock_retrieve_and_generate",
            "get_company_RD_industry",
            "get_company_MI_industry",
            "get_company_CIQ_industry",
            "get_documents_from_research_articles"
          ]
        }
      ],
      "tools": [
        "get_company_description",
        "get_company_CSD_financials",
        "get_company_CIQ_financials",
        "bedrock_retrieve_and_generate",
        "get_company_RD_industry",
        "get_company_MI_industry",
        "get_company_CIQ_industry",
        "get_documents_from_research_articles"
      ]
    },
    {
      "section_title": "Company Analysis",
      "subsections": [
        {
          "title": "SWOT Analysis",
          "description": "",
          "system_prompt": "",
          "tools": [
            "get_company_description",
            "get_company_news",
            "get_company_keydevelopments",
            "bedrock_retrieve_and_generate",
            "get_company_RD_industry",
            "get_company_MI_industry",
            "get_company_CIQ_industry",
            "get_documents_from_research_articles"
          ]
        },
        {
          "title": "News & Key Developments",
          "description": "",
          "system_prompt": "",
          "tools": [
            "get_company_description",
            "get_company_news",
            "get_company_keydevelopments",
            "get_company_RD_industry",
            "get_company_MI_industry",
            "get_company_CIQ_industry",
            "get_documents_from_research_articles"
          ]
        }
      ],
      "tools": [
        "get_company_description",
        "get_company_news",
        "get_company_keydevelopments",
        "get_company_RD_industry",
        "get_company_MI_industry",
        "get_company_CIQ_industry",
        "get_documents_from_research_articles"
      ]
    },
    {
      "section_title": "Macro/Sector/Industry Research",
      "subsections": [
        {
          "title": "Sector & Industry Risk Analysis + CICRA",
          "description": "",
          "system_prompt": "",
          "tools": [
            "get_company_description",
            "bedrock_retrieve_and_generate",
            "get_company_RD_industry",
            "get_company_MI_industry",
            "get_company_CIQ_industry",
            "get_documents_from_research_articles"
          ]
        }
      ],
      "tools": [
        "get_company_description",
        "bedrock_retrieve_and_generate",
        "get_company_RD_industry",
        "get_company_MI_industry",
        "get_company_CIQ_industry",
        "get_documents_from_research_articles"
      ]
    },
    {
      "section_title": "Peer Analysis",
      "subsections": [
        {
          "title": "Analyst Peers / Peer Comps structured data",
          "description": "",
          "system_prompt": "",
          "tools": [
            "get_company_description",
            "get_company_peerdetails",
            "bedrock_retrieve_and_generate",
            "get_company_RD_industry",
            "get_company_MI_industry",
            "get_company_CIQ_industry",
            "get_documents_from_research_articles"
          ]
        },
        {
          "title": "Summary Analysis",
          "description": "",
          "system_prompt": "",
          "tools": [
            "get_company_description",
            "bedrock_retrieve_and_generate",
            "get_company_RD_industry",
            "get_company_MI_industry",
            "get_company_CIQ_industry",
            "get_documents_from_research_articles"
          ]
        }
      ],
      "tools": [
        "get_company_description",
        "get_company_peerdetails",
        "bedrock_retrieve_and_generate",
        "get_company_RD_industry",
        "get_company_MI_industry",
        "get_company_CIQ_industry",
        "get_documents_from_research_articles"
      ]
    }
  ]
}