{
  "Sections": {
    
  },
  "FinancialHighlights": {
    "IncomeStatement": [
      "IQ_REV",
      "IQ_OTHER_REV",
      "IQ_FIN_DIV_REV",
      "IQ_INS_DIV_REV",
      "IQ_GAIN_ASSETS_REV",
      "IQ_GAIN_INVEST_REV",
      "IQ_INT_INV_INC",
      "IQ_OTHER_REV_SUPPL",
      "IQ_FEES_OTHER_INCOME",
      "IQ_TOTAL_REV",
      "IQ_COST_REV",
      "IQ_COGS",
      "IQ_FIN_DIV_EXP",
      "IQ_INS_DIV_EXP",
      "IQ_FIN_DIV_INT_EXP",
      "IQ_GP",
      "IQ_SGA",
      "IQ_SGA_SUPPL",
      "IQ_EXPLORE_DRILL",
      "IQ_PROV_BAD_DEBTS",
      "IQ_STOCK_BASED",
      "IQ_PRE_OPEN_COST",
      "IQ_RD_EXP",
      "IQ_DA",
      "IQ_DA_SUPPL",
      "IQ_GW_INTAN_AMORT",
      "IQ_IMPAIR_OIL",
      "IQ_OTHER_OPER",
      "IQ_TOTAL_OTHER_OPER",
      "IQ_TOTAL_OPER_EXPEN",
      "IQ_OPER_INC",
      "IQ_INTEREST_EXP",
      "IQ_INTEREST_INVEST_INC",
      "IQ_NET_INTEREST_EXP",
      "IQ_OTHER_NON_OPER_EXP",
      "IQ_INC_EQUITY",
      "IQ_CURRENCY_GAIN",
      "IQ_OTHER_NON_OPER_EXP_SUPPL",
      "IQ_EBT_EXCL",
      "IQ_MERGER_RESTRUCTURE",
      "IQ_RESTRUCTURE",
      "IQ_MERGER",
      "IQ_IMPAIRMENT_GW",
      "IQ_GAIN_INVEST",
      "IQ_GAIN_ASSETS",
      "IQ_OTHER_UNUSUAL",
      "IQ_ASSET_WRITEDOWN",
      "IQ_IPRD",
      "IQ_INS_SETTLE",
      "IQ_LEGAL_SETTLE",
      "IQ_OTHER_UNUSUAL_SUPPL",
      "IQ_TOTAL_UNUSUAL",
      "IQ_EBT",
      "IQ_INC_TAX",
      "IQ_EARNING_CO",
      "IQ_DO",
      "IQ_EXTRA_ACC_ITEMS",
      "IQ_NI_COMPANY",
      "IQ_MINORITY_INTEREST_IS",
      "IQ_NI",
      "IQ_PREF_DIV_OTHER",
      "IQ_NI_AVAIL_INCL",
      "IQ_NI_AVAIL_EXCL",
      "IQ_INT_INC_LOANS",
      "IQ_INT_INC_INVEST",
      "IQ_INT_INC_TOTAL",
      "IQ_INT_DEPOSITS",
      "IQ_INT_BORROW",
      "IQ_INT_EXP_TOTAL",
      "IQ_NET_INT_INC_BNK",
      "IQ_SERV_CHARGE_DEPOSITS",
      "IQ_TRUST_INC",
      "IQ_CREDIT_CARD_FEE_BNK",
      "IQ_MORT_BANK_ACT",
      "IQ_INC_TRADE_ACT",
      "IQ_GAIN_LOANS_REV",
      "IQ_INC_REAL_ESTATE_REV",
      "IQ_GAIN_ASSETS_REV_BNK",
      "IQ_GAIN_INVEST_REV_BNK",
      "IQ_INC_EQUITY_REV_BNK",
      "IQ_OTHER_NON_INT_INC",
      "IQ_NON_OPER_INC",
      "IQ_NON_INT_INC",
      "IQ_REV_BEFORE_LL",
      "IQ_LL",
      "IQ_TOTAL_REV_BNK",
      "IQ_COMP_BENEFITS",
      "IQ_SALARY",
      "IQ_GW_INTAN_AMORT_BNK",
      "IQ_OTHER_NON_INT_EXP_TOTAL",
      "IQ_OCCUPY_EXP",
      "IQ_FDIC",
      "IQ_SGA_BNK",
      "IQ_GAIN_LOANS_REC",
      "IQ_INC_REAL_ESTATE_REC",
      "IQ_INC_EQUITY_REC_BNK",
      "IQ_OTHER_NON_INT_EXP",
      "IQ_NON_OPER_EXP",
      "IQ_NON_INT_EXP",
      "IQ_EBT_EXCL_BNK",
      "IQ_MERGER_RESTRUCTURE_BNK",
      "IQ_RESTRUCTURE_BNK",
      "IQ_MERGER_BNK",
      "IQ_GAIN_ASSETS_BNK",
      "IQ_GAIN_INVEST_BNK",
      "IQ_OTHER_UNUSUAL_BNK",
      "IQ_ASSET_WRITEDOWN_BNK",
      "IQ_INS_SETTLE_BNK",
      "IQ_LEGAL_SETTLE_BNK",
      "IQ_OTHER_UNUSUAL_SUPPL_BNK",
      "IQ_TOTAL_UNUSUAL_BNK",
      "IQ_EBT_BNK",
      "IQ_EXTRA_ACC_ITEMS_BNK",
      "IQ_BASIC_EPS_INCL",
      "IQ_BASIC_EPS_EXCL",
      "IQ_BASIC_WEIGHT",
      "IQ_DILUT_EPS_INCL",
      "IQ_DILUT_EPS_EXCL",
      "IQ_DILUT_WEIGHT",
      "IQ_EPS_NORM",
      "IQ_DILUT_EPS_NORM",
      "IQ_DIV_SHARE",
      "IQ_PAYOUT_RATIO",
      "IQ_DISTRIBUTABLE_CASH_SHARE",
      "IQ_DISTRIBUTABLE_CASH_SHARES_BASIC",
      "IQ_DISTRIBUTABLE_CASH_PER_SHARE_DILUTED",
      "IQ_DISTRIBUTABLE_CASH_SHARES_DILUTED",
      "IQ_FFO_PAYOUT_RATIO",
      "IQ_ANNU_DISTRIBUTION_UNIT",
      "IQ_DISTRIBUTABLE_CASH_PAYOUT",
      "IQ_DISTRIBUTABLE_CASH_STANDARDIZED",
      "IQ_DR_RATIO_PRIMARY",
      "IQ_EBITDA",
      "IQ_EBITA",
      "IQ_EBIT",
      "IQ_EBITDAR",
      "IQ_EBITDA_EQ_INC",
      "IQ_EBITA_EQ_INC",
      "IQ_EBIT_EQ_INC",
      "IQ_EBITDAR_EQ_INC",
      "IQ_EBITDA_EQ_INC_EXCL_SBC",
      "IQ_EBITA_EQ_INC_EXCL_SBC",
      "IQ_EBIT_EQ_INC_EXCL_SBC",
      "IQ_EBITDAR_EQ_INC_EXCL_SBC",
      "IQ_EBITDA_EXCL_SBC",
      "IQ_EBITA_EXCL_SBC",
      "IQ_EBIT_EXCL_SBC",
      "IQ_EBITDAR_EXCL_SBC",
      "IQ_DISTRIBUTABLE_CASH",
      "IQ_TOTAL_REV_AS_REPORTED",
      "IQ_EFFECT_TAX_RATE",
      "IQ_DIC",
      "IQ_NI_NORM",
      "IQ_CAPITALIZED_INTEREST",
      "IQ_SAME_STORE",
      "IQ_PROV_BAD_DEBTS_PATIENT_SERVICE_REV",
      "IQ_EXCISE_TAXES_INCL_SALES",
      "IQ_EXCISE_TAXES_EXCL_SALES",
      "IQ_EARNING_PARENT_EXCL_EXTRA",
      "IQ_NI_SFAS",
      "IQ_NONCASH_PENSION_EXP",
      "IQ_GAAP_IS",
      "IQ_IMPUT_OPER_LEASE_INT_EXP",
      "IQ_IMPUT_OPER_LEASE_DEPR",
      "IQ_ADVERTISING",
      "IQ_MARKETING",
      "IQ_SALES_MARKETING",
      "IQ_GA_EXP",
      "IQ_RD_EXP_FN",
      "IQ_EXPLORE_DRILL_EXP_TOTAL",
      "IQ_NET_RENTAL_EXP_FN",
      "IQ_NET_RENTAL_EXP",
      "IQ_NET_RENTAL_EXP_SUPPLE",
      "IQ_CONTINGENT_RENTAL",
      "IQ_MINIMUM_RENTAL",
      "IQ_OTHER_RENTAL",
      "IQ_AIRCRAFT_RENT",
      "IQ_DA_EBITDA",
      "IQ_DEPRECIATION_RENTAL_ASSETS",
      "IQ_STOCK_BASED_COGS",
      "IQ_STOCK_BASED_RD",
      "IQ_STOCK_BASED_EXPLORE_DRILL",
      "IQ_STOCK_BASED_SM",
      "IQ_STOCK_BASED_GA",
      "IQ_STOCK_BASED_SGA",
      "IQ_STOCK_BASED_OTHER",
      "IQ_STOCK_BASED_AT",
      "IQ_STOCK_BASED_TOTAL",
      "IQ_SALARIES_OTHER_BENEFITS",
      "IQ_RESTRUCTURE_SUPPLE",
      "IQ_MERGER_SUPPLE",
      "IQ_IMPAIRMENT_GW_SUPPLE",
      "IQ_ASSET_WRITEDOWN_SUPPLE",
      "IQ_IPRD_SUPPLE",
      "IQ_INS_SETTLE_SUPPLE",
      "IQ_LEGAL_SETTLE_SUPPLE",
      "IQ_OTHER_UNUSUAL_SUPPLE",
      "IQ_TOTAL_UNUSUAL_SUPPLE",
      "IQ_TOTAL_REV_SHARE",
      "IQ_DILUT_NI",
      "IQ_INT_EXP_INCL_CAP",
      "IQ_COMMON_DIV",
      "IQ_SPECIAL_DIV_SHARE"
    ],
    "BalanceSheet": [
      "IQ_TOTAL_ASSETS",
      "IQ_TOTAL_LIAB",
      "IQ_TOTAL_EQUITY"
    ],
    "CashFlow": [
      "IQ_CASH_OPER",
      "IQ_NET_CHANGE"
    ]
  }
}