{
    "template_name": "Peer Analysis",
    "template_description": "A comprehensive analysis of a company's peers, including structured data on analyst peers, peer comparisons, and summary analysis.",
    "template_version": "1.0",
    "template_prompt": "",
    "sections": [
        {
            "section_title": "Company Overview",
            "subsections": [
                {
                    "title": "Company Description",
                    "description": "",
                    "system_prompt": "",
                    "tools": [
                        "company_information"
                    ]
                },
                {
                    "title": "Geographic Mix",
                    "description": "",
                    "system_prompt": "",
                    "tools": [
                        "company_information"
                    ]
                },
                {
                    "title": "Segment Mix",
                    "description": "",
                    "system_prompt": "",
                    "tools": [
                        "company_information"
                    ]
                }
            ],
            "tools": [
                "company_information"
            ]
        },
        {
            "section_title": "Agency Ratings",
            "subsections": [
                {
                    "title": "S&P Current Ratings",
                    "description": "",
                    "system_prompt": "",
                    "tools": [
                        "ratings_data",
                        "viz_chart"
                    ]
                },
                {
                    "title": "Credit Outlook",
                    "description": "",
                    "system_prompt": "",
                    "tools": [
                        "ratings_data",
                        "viz_chart"
                    ]
                },
                {
                    "title": "S&P Ratings History",
                    "description": "",
                    "system_prompt": "",
                    "tools": [
                        "ratings_data",
                        "viz_chart"
                    ]
                },
                {
                    "title": "Moody's & Fitch Ratings & History",
                    "description": "",
                    "system_prompt": "",
                    "tools": [
                        "ratings_data",
                        "viz_chart"
                    ]
                }
            ],
            "tools": [
                "ratings_data",
                "viz_chart"
            ]
        },
        {
            "section_title": "Market Data & Financials",
            "subsections": [
                {
                    "title": "Share Price",
                    "description": "",
                    "system_prompt": "",
                    "tools": [
                        "company_financial",
                        ""
                    ]
                },
                {
                    "title": "Key Financials (Sources & Uses of Liquidity)",
                    "description": "",
                    "system_prompt": "",
                    "tools": [
                        "company_financial",
                        ""
                    ]
                }
            ],
            "tools": [
                "company_financial",
                ""
            ]
        },
        {
            "section_title": "Company Analysis",
            "subsections": [
                {
                    "title": "SWOT Analysis",
                    "description": "",
                    "system_prompt": "",
                    "tools": [
                        "company_news",
                        "company_outlook"
                    ]
                },
                {
                    "title": "News & Key Developments",
                    "description": "",
                    "system_prompt": "",
                    "tools": [
                        "company_news",
                        "company_outlook"
                    ]
                }
            ],
            "tools": [
                "company_news",
                "company_outlook"
            ]
        },
        {
            "section_title": "Macro/Sector/Industry Research",
            "subsections": [
                {
                    "title": "Sector & Industry Risk Analysis + CICRA",
                    "description": "",
                    "system_prompt": "",
                    "tools": [
                        "sector_analysis"
                    ]
                }
            ],
            "tools": [
                "sector_analysis"
            ]
        },
        {
            "section_title": "Peer Analysis",
            "subsections": [
                {
                    "title": "Analyst Peers / Peer Comps structured data",
                    "description": "",
                    "system_prompt": "",
                    "tools": [
                        "company_peerdetails"
                    ]
                },
                {
                    "title": "Summary Analysis",
                    "description": "",
                    "system_prompt": "",
                    "tools": [
                        "company_peerdetails"
                    ]
                }
            ],
            "tools": [
                "company_peerdetails"
            ]
        }
    ]
}