{
    "Investment_Advice": "CreditCompanion™ is designed with the intention of not responding to questions that ask for specific advice. I can assist you in other ways, like providing you with a summary of recent S&P Global Ratings research for a specific entity or topic. Please try rephrasing your question, and share your feedback. ",
    "Client_Support": "For help with the CapitalIQ Pro platform and its products please reach out to Customer Support at ratings.direct@spglobal.com.",
    "Competitors": "CreditCompanion™ is designed to provide responses based on its corpus of proprietary S&P Global Ratings research and data. Questions about other outside agencies' research and data is not something I can help you with. I can assist you in other ways, like providing you with a summary of recent S&P Global Ratings research for a specific entity or topic. Please try rephrasing your question, and share your feedback.",
    "Confidential_Information": "CreditCompanion™ is designed to provide responses based on the publicly available S&P Global Ratings research and data and does not have access to any confidential information. I can assist you in other ways, like providing you with a summary of recent S&P Global Ratings research for a specific entity or topic. Please try rephrasing your question, and share your feedback.",
    "SP_Internal_Operations": "CreditCompanion™ is designed to provide responses based on the publicly available S&P Global Ratings research and data and does not have access to any confidential information about S&P global. I can assist you in other ways, like providing you with a summary of recent S&P Global Ratings research for a specific entity or topic. Please try rephrasing your question, and share your feedback.",
    "Malicious_Prompts": "CreditCompanion™ is designed to provide responses on credit specific responses about S&P Global Ratings research and data. Your question falls out of the purview of CreditCompanion™’s capabilities. Please try a different question, and share your feedback.",
    "Opinions_of_Quality": "CreditCompanion™ will not provide judgment on the overall quality or ethicality of an entity in responses. CreditCompanion can still answer questions pertaining to credit quality and assist you in other ways, like providing you with a summary of recent S&P Global Ratings research for a specific entity or topic and S&P Global Ratings view on credit quality. Please try rephrasing your question, and share your feedback."

}