{
  "SYNTHIA_SERVICE_API_PREFIX": "/creditmemo-service",
  "FILE_SERVICE_API_PREFIX": "/creditmemo-file-service",
  "credit_memo_api_url": "https://creditmemo-dev-us-east-1.crsgenai-np.spglobal.com/creditmemo-service",
  "capitaliq_base_url": "https://www.capitaliqdev.spglobal.com/apisv3/spg-ratingsresearch-service/api/v3/",
  "capitaliq_base_snl_service_url": "https://www.capitaliqdev.spglobal.com/SNL.Services.Data.Api.Service/v2/",
  "omni_suggest_base_url": "https://www.capitaliqdev.spglobal.com/apisv3/search-service/v3/OmniSuggest/suggest",
  "opensearch_url": "https://vpc-mi-crs-chatrd-dev-4bzv6hif6zsyfsw6uhelm2s5ti.us-east-1.es.amazonaws.com",
  "news_article_url": "https://www.capitaliqdev.spglobal.com/apisv3/spg-webplatform-core/news/article?id=",
  "capitaliq_graphql_url": "https://www.capitaliqdev.spglobal.com/apisv3/federation/",
  "opensearch_research_index": "embedding-job-chatrd-research-dev-new-xml",
  "opensearch_commentary_index": "embedding-job-chatrd-commentary-dev-new-xml",
  "opensearch_criteria_index": "embedding-job-chatrd-criteria-dev-new-xml",
  "neural_search_model_id": "NW8Gzo4B4hj467SORj0Z",
  "search_pipeline_name": "cohere-multilingual-search-pipeline",
  "reranker_endpoint_name": "mi-crs-chatrd-dev-ms-marco-cross-encoder-endpoint",
  "dataapi_url": "https://www.capitaliqdev.spglobal.com/apisv3/dataapi-service/",
  "capitaliq_base_inherit_auth_url": "https://www.capitaliqdev.spglobal.com/web/client?auth=inherit",
  "oauth_security_service_url": "https://www.capitaliqdev.spglobal.com/apisv3/security-service/oauth/",
  "ratings_article_base_url": "https://www.capitaliqdev.spglobal.com/web/login",
  "origin": "https://www.capitaliqdev.spglobal.com",
  "capitaliq_product_query_url": "https://www.capitaliqdev.spglobal.com/SNL.Services.Data.Service/v1/ProductQuery.svc/productQueryRequests",
  "opensearch_username_key": "opensearch-username",
  "opensearch_password_key": "opensearch-password",
  "bedrock_kb_id_key": "bedrock_kb_id",
  "bedrock_kb_datasource_id_key": "bedrock_kb_datasource_id",
  "propdata_s3_bucket_key": "propdata_s3_bucket",
  "template_s3_bucket_key": "template_s3_bucket",
  "capitaliq_kou_url": "https://platform-av.midevcld.spglobal.com/apisv3/userprofile-service/v2/up?$select=Email,KeyOnlineUser",
  "core_url": "https://www.capitaliqdev.spglobal.com/apisv3/spg-webplatform-core/",
  "old_ciqpro_url": "https://www.capitaliqdev.spglobal.com/web/client?auth=inherit",
  "kensho_grounding_api_url": "https://grounding-alpha.preview.kensho.com/api/v2/search",
  "kensho_authentication_url": "https://kensho.okta.com/oauth2/default/v1/token",
  "kensho_private_pem_key": "kensho_private_pem",
  "kensho_client_id": "0oasontxl2EZZ7DGX4x7",
  "postgres_host": "postgresql_host",
  "postgres_port": "postgresql_dbport",
  "postgres_secrets": "crs-rd-creditmemo-synthia",
  "secrets_name": "crs-rd-creditmemo-synthia",
  "oauth_client_secret_key" : "oauth_client_secret",
  "oauth_client_id_key" : "oauth_client_id",
  "postgres_username_secrets_key": "postgresql_uname",
  "postgres_password_secrets_key": "postgresql_pwd",
  "postgres_database_name": "postgresql_dbname",
  "main_pool_max_size": 4,
  "agent_pool_max_size": 4,
  "llm_cache_db_pool_size": 4,
  "llm_cache_db_overflow_size": 10,
  "QUEUE_URL": "https://sqs.us-east-1.amazonaws.com/339712941790/creditmemo-agent-sqs-dev-us-east-1",
  "denim_url": "http://dapi-av-1.testciq.com:8451/DENIM/",
  "auth_service_url": "https://www.eks-miplatform-dev-us-east-1.container.spglobal.com/internal/authvalidation-service/token",
  "stock_chart_url": "https://www.capitaliqdev.spglobal.com/apisv3/charting-service/v1/seriesData",
  "stock_chart_benchmark_index": "https://www.capitaliqdev.spglobal.com/apisv3/charting-service/v1/chartPreference",
  "max_file_size_mb": 20,
  "use_s3_templates": false,
  "templates_s3_bucket": "creditmemo-templates-dev.us-east-1.cm-tl",
  "s3_templates_prefix_default": "system/",
  "langfuse_enabled_env_var": false,
  "langfuse_public_key_env_var": "creditmemo/dev/us-east-1/langfuse_public_key",
  "langfuse_secret_key_env_var": "creditmemo/dev/us-east-1/langfuse_secret_key",
  "langfuse_debug_env_var": false,
  "langfuse_host_env_var": "https://creditmemo-dev-langfuse.crsgenai-np.spglobal.com",
  "QUEUE_CONCURRENCY": 5
}