entity,entity_id,entity_type
APAC,-173,Continent name
Africa,-163,Continent name
africa,-163,Continent name
North America,-165,Continent name
South America,-164,Continent name
Australia,4023144,Continent name
australia,4023144,Continent name
EMEA,-174,Continent name
Southeastern Europe,-169,Continent name
North Africa,-167,Continent name
Americas,-172,Continent name
americas,-172,Continent name
Europe,-162,Continent name
europe,-162,Continent name
Middle Eastern,-912443,Continent name adjective
Scandinavian,-912444,Continent name adjective
Southeast Asian,-912451,Continent name adjective
Central Asian,-912459,Continent name adjective
North African,-912460,Continent name adjective
East African,-912463,Continent name adjective
Northern African,-912499,Continent name adjective
Eastern European,-912505,Continent name adjective
eastern european,-912505,Continent name adjective
Northern American,-912507,Continent name adjective
northern American,-912507,Continent name adjective
Baltic,-912456,Continent name adjective
Western South American,-912514,Continent name adjective
western South American,-912514,Continent name adjective
Latin American,-912442,Continent name adjective
latin american,-912442,Continent name adjective
Polynesian,-912477,Continent name adjective
polynesian,-912477,Continent name adjective
Eastern Asian,-912467,Continent name adjective
eastern asian,-912467,Continent name adjective
Balkan,-912457,Continent name adjective
balkan,-912457,Continent name adjective
Sub-Saharan African,-912455,Continent name adjective
Southern European,-912504,Continent name adjective
Western European,-912506,Continent name adjective
western european,-912506,Continent name adjective
Oceanian,-912468,Continent name adjective
Slavic,-912470,Continent name adjective
Southern American,-912508,Continent name adjective
southern american,-912508,Continent name adjective
Antarctic,-912454,Continent name adjective
Southern African,-912449,Continent name adjective
Western Oceanian,-912510,Continent name adjective
West African,-912462,Continent name adjective
Southern Australian,-912516,Continent name adjective
Western European,-912448,Continent name adjective
Pacific Islander,-912452,Continent name adjective
South American,-912465,Continent name adjective
Asian,-912440,Continent name adjective
Northern European,-912503,Continent name adjective
Central American,-912446,Continent name adjective
Caribbean,-912445,Continent name adjective
Iberian,-912469,Continent name adjective
Arctic,-912453,Continent name adjective