entity,entity_id,entity_type
Albania,-7002,Country name
Algeria,-7003,Country name
Andorra,-7004,Country name
Angola,-7005,Country name
Anguilla,-7006,Country name
Antigua and Barbuda,-7007,Country name
Armenia,-7009,Country name
Aruba,-7010,Country name
Asia,-7012,Country name
Australia,-7013,Country name
Austria,-7014,Country name
Azerbaijan,-7015,Country name
Bahamas,-7016,Country name
Bahrain,-7017,Country name
Bangladesh,-7018,Country name
Barbados,-7019,Country name
Belarus,-7020,Country name
Belgium,-7021,Country name
Belize,-7022,Country name
Benin,-7023,Country name
Bermuda,-7024,Country name
Bhutan,-7025,Country name
Bolivia,-7026,Country name
Bonaire,-7027,Country name
Bosnia & Herzegovina,-7028,Country name
Botswana,-7029,Country name
Brazil,-7031,Country name
BRIC,-7032,Country name
Brunei,-7033,Country name
Bulgaria,-7034,Country name
Burundi,-7036,Country name
Cabo Verde,-7038,Country name
Cambodia,-7039,Country name
Cameroon,-7040,Country name
Canada,-7041,Country name
Canada - Alberta & British Columbia,-7042,Country name
Canada - Ontario,-7043,Country name
Canada - Quebec,-7044,Country name
Canada - Rest of Canada,-7045,Country name
Cayman Islands,-7046,Country name
Central African Rep.,-7047,Country name
Chad,-7048,Country name
Chile,-7049,Country name
Cocos Islands,-7051,Country name
Colombia,-7052,Country name
Comoros,-7053,Country name
Cook Islands,-7054,Country name
Costa Rica,-7055,Country name
Croatia,-7057,Country name
Cuba,-7058,Country name
Curacao,-7059,Country name
Dem. Rep. Congo,-7062,Country name
Denmark,-7063,Country name
Dominica,-7066,Country name
Ecuador,-7068,Country name
Egypt,-7069,Country name
El Salvador,-7070,Country name
Equatorial Guinea,-7072,Country name
Eritrea,-7073,Country name
Estonia,-7074,Country name
Ethiopia,-7076,Country name
EU,-7077,Country name
Europe,-7078,Country name
Falkland Islands,-7080,Country name
Finland,-7082,Country name
France,-7083,Country name
French Guiana,-7084,Country name
French Polynesia,-7085,Country name
Gabon,-7088,Country name
Gambia,-7089,Country name
Georgia,-7090,Country name
Germany,-7091,Country name
Ghana,-7092,Country name
Greece,-7095,Country name
Greenland,-7096,Country name
Guadeloupe,-7098,Country name
Guatemala,-7099,Country name
Guinea,-7101,Country name
Guinea-Bissau,-7102,Country name
Guyana,-7103,Country name
Haiti,-7104,Country name
Honduras,-7105,Country name
Hong Kong,-7106,Country name
Hungary,-7107,Country name
Iceland,-7108,Country name
Iran,-7111,Country name
Iraq,-7112,Country name
Ireland,-7113,Country name
Israel,-7115,Country name
Italy,-7116,Country name
Jamaica,-7117,Country name
Jersey,-7119,Country name
Jordan,-7120,Country name
Kazakhstan,-7121,Country name
Kosovo,-7124,Country name
Kyrgyzstan,-7126,Country name
Latvia,-7128,Country name
Lebanon,-7129,Country name
Liberia,-7131,Country name
Luxembourg,-7135,Country name
Macau,-7136,Country name
Madagascar,-7137,Country name
Malawi,-7138,Country name
Maldives,-7140,Country name
Mali,-7141,Country name
Malta,-7142,Country name
Marshall Islands,-7143,Country name
Martinique,-7144,Country name
Mauritania,-7145,Country name
Mauritius,-7146,Country name
Mayotte,-7147,Country name
Mexico,-7148,Country name
Micronesia,-7149,Country name
Monaco,-7151,Country name
Mongolia,-7152,Country name
Montserrat,-7154,Country name
Morocco,-7155,Country name
Mozambique,-7156,Country name
Myanmar,-7157,Country name
Namibia,-7158,Country name
Nepal,-7160,Country name
New Caledonia,-7162,Country name
New Zealand,-7163,Country name
Nicaragua,-7164,Country name
Niger,-7165,Country name
Niue,-7167,Country name
North Korea,-7169,Country name
Oman,-7172,Country name
Pakistan,-7173,Country name
Palestine,-7175,Country name
Panama,-7176,Country name
Papua New Guinea,-7177,Country name
Paraguay,-7178,Country name
Peru,-7179,Country name
Qatar,-7183,Country name
Rep. Of the Congo,-7184,Country name
Reunion,-7185,Country name
Romania,-7186,Country name
Russia,-7187,Country name
Saint Helena,-7189,Country name
Saint Vincent,-7191,Country name
San Marino,-7193,Country name
Senegal,-7196,Country name
Sierra Leone,-7199,Country name
Singapore,-7200,Country name
Sint Maarten,-7201,Country name
Slovakia,-7202,Country name
Slovenia,-7203,Country name
Somalia,-7205,Country name
South Georgia,-7207,Country name
South Korea,-7208,Country name
South Sudan,-7209,Country name
Sri Lanka,-7211,Country name
St. Kitts and Nevis,-7212,Country name
"St. Pierre, Miquelon",-7213,Country name
Sudan,-7214,Country name
Sweden,-7217,Country name
Switzerland,-7218,Country name
Syria,-7219,Country name
Taiwan,-7220,Country name
Tajikistan,-7221,Country name
Tanzania,-7222,Country name
Thailand,-7223,Country name
Timor-Leste,-7224,Country name
Togo,-7225,Country name
Tokelau,-7226,Country name
Tonga,-7227,Country name
Trinidad and Tobago,-7228,Country name
Tunisia,-7229,Country name
Turkiye,-7230,Country name
Turkmenistan,-7231,Country name
Turks & Caicos,-7232,Country name
Tuvalu,-7233,Country name
United Kingdom,-7238,Country name
United States - Puerto Rico,-7240,Country name
Uruguay,-7241,Country name
USA,-7242,Country name
Uzbekistan,-7243,Country name
Vanuatu,-7244,Country name
Wallis & Futuna,-7248,Country name
Western Sahara,-7249,Country name
Yemen,-7250,Country name
Zambia,-7251,Country name
Zimbabwe,-7252,Country name
State of New York,4382671,Country name
State of NY,4382671,Country name
Sharjah (Emirate of),4431150,Country name
Togo,4350741,Country name
Trinidad and Tobago,4548761,Country name
Italy,4639247,Country name
Japan,4412514,Country name
Brazil,4518554,Country name
Madagascar,4350704,Country name
Andorra,4691249,Country name
Iceland,4161030,Country name
State of Pennsylvania,-570,Country name
state of pennsylvania,-571,Country name
state of ohio,-573,Country name
State of Michigan,-576,Country name
state of Michigan,-576,Country name
state of michigan,-577,Country name
state of georgia,-579,Country name
russia,-585,Country name
Brazil,-586,Country name
brazil,-587,Country name
United Arab Emirates,-592,Country name
united arab emirates,-593,Country name
Singapore,-594,Country name
singapore,-595,Country name
New Zealand,-598,Country name
new zealand,-599,Country name
Chile,-602,Country name
Israel,-606,Country name
israel,-607,Country name
Malaysia,-608,Country name
malaysia,-609,Country name
Thailand,-610,Country name
Philippines,-616,Country name
philippines,-617,Country name
Egypt,-618,Country name
greece,-625,Country name
state of texas,-885,Country name
State of Florida,-888,Country name
state of florida,-889,Country name
Germany,-890,Country name
germany,-891,Country name
Japan,-892,Country name
japan,-893,Country name
United Kingdom,-894,Country name
France,-896,Country name
france,-897,Country name
Canada,-898,Country name
canada,-899,Country name
Australia,-900,Country name
australia,-901,Country name
italy,-903,Country name
Switzerland,-908,Country name
Sweden,-910,Country name
sweden,-911,Country name
South Korea,-914,Country name
south korea,-915,Country name
Brazil,-916,Country name
Mexico,-918,Country name
State of Alabama,4066817,Country name
State of Alaska,4202287,Country name
State Of Arkansas,4121804,Country name
State of Delaware,5034717,Country name
State of Idaho,4008863,Country name
State Of Iowa,4135722,Country name
state Of Iowa,4135722,Country name
State Of Kansas,4135724,Country name
State of Maine,4101914,Country name
State of Maryland,4070771,Country name
state of maryland,4070771,Country name
State Of Missouri,4135728,Country name
State of Nebraska,4041166,Country name
State of New Jersey,4069860,Country name
State of North Carolina,4024501,Country name
State Of Oklahoma,4066633,Country name
State Of Rhode Island,4063205,Country name
State Of South Dakota,4135730,Country name
State of Utah,4135731,Country name
State of Vermont,4100426,Country name
State of Wisconsin,4024499,Country name
State of wisconsin,4024499,Country name
Montenegrin,-912359,Country name adjective
Eastern Canadian,-912382,Country name adjective
Qatari,-912438,Country name adjective
Finnish,-912427,Country name adjective
finnish,-912427,Country name adjective
Canadian,-912357,Country name adjective
canadian,-912357,Country name adjective
Australian,-912351,Country name adjective
australian,-912351,Country name adjective
Jamaican,-912431,Country name adjective
jamaican,-912431,Country name adjective
Western Mexican,-912415,Country name adjective
Eastern Mexican,-912415,Country name adjective
eastern mexican,-912415,Country name adjective
Eastern Finnish,-912405,Country name adjective
North Korean,-912362,Country name adjective
Asian,-912348,Country name adjective
Belarusian,-912356,Country name adjective
Swiss,-912372,Country name adjective
South American,-912376,Country name adjective
North American,-912377,Country name adjective
Eastern Norwegian,-912384,Country name adjective
Southern Paraguaian,-912385,Country name adjective
Eastern Swiss,-912391,Country name adjective
Eastern Swiss,-912391,Country name adjective
eastern swiss,-912391,Country name adjective
Eastern Chilean,-912401,Country name adjective
eastern Chilean,-912401,Country name adjective
eastern chilean,-912401,Country name adjective
Angolan,-912420,Country name adjective
angolan,-912420,Country name adjective
Cambodian,-912423,Country name adjective
cambodian,-912423,Country name adjective
Georgian,-912428,Country name adjective
Lebanese,-912433,Country name adjective
lebanese,-912433,Country name adjective
Omani,-912436,Country name adjective
South Asian,-912349,Country name adjective
North Macedonian,-912363,Country name adjective
Eastern Asian,-912350,Country name adjective
eastern asian,-912350,Country name adjective
Eastern Indian,-912409,Country name adjective
Russian,-912368,Country name adjective
russian,-912368,Country name adjective
Northern Iraqi,-912412,Country name adjective
Northern Greek,-912408,Country name adjective
northern greek,-912408,Country name adjective
Croatian,-912424,Country name adjective
croatian,-912424,Country name adjective
North Australian,-912352,Country name adjective
north australian,-912352,Country name adjective
Turkish,-912373,Country name adjective
turkish,-912373,Country name adjective
Egyptian,-912426,Country name adjective
egyptian,-912426,Country name adjective
Western Romanian,-912387,Country name adjective
western romanian,-912387,Country name adjective
Danish,-912425,Country name adjective
Northern Moroccan,-912416,Country name adjective
Romanian,-912367,Country name adjective
Icelandic,-912430,Country name adjective
Eastern Russian,-912388,Country name adjective
Western Australian,-912381,Country name adjective
Northern Brazilian,-912400,Country name adjective
Northern Polish,-912386,Country name adjective
Sorthern Polish,-912386,Country name adjective
Western Serbian,-912390,Country name adjective