entity,entity_id,entity_type
Aerospace & Defense industry,-1,Industry name
Building Materials industry,-3,Industry name
Business and Consumer Services industry,-4,Industry name
Capital Goods industry,-5,Industry name
Chemicals industry,-6,Industry name
Commercial & Professional Services industry,-7,Industry name
Energy industry,-10,Industry name
Homebuilding industry,-12,Industry name
Hotels & Gaming industry,-13,Industry name
Information Technology industry,-14,Industry name
Metals & Mining industry,-16,Industry name
Property & Real Estate industry,-18,Industry name
Transportation industry,-21,Industry name
Industrial industry,-22,Industry name
Natural Resources/ Mining industry,-24,Industry name
Oil & Gas industry,-25,Industry name
Power industry,-26,Industry name
Electric industry,-30,Industry name
Gas industry,-31,Industry name
Multi industry,-32,Industry name
Water industry,-33,Industry name
Liquefied Natural Gas industry,-35,Industry name
Midstream Energy Companies industry,-36,Industry name
Oil & Gas Projects industry,-37,Industry name
Refining Companies industry,-38,Industry name
Projects - Conventional Power industry,-40,Industry name
Projects - Power & Other industry,-41,Industry name
Projects - Renewables industry,-42,Industry name
Hospitals industry,-44,Industry name
Schools industry,-46,Industry name
Social - Other industry,-47,Industry name
Airports industry,-48,Industry name
Ports industry,-49,Industry name
Railroads industry,-50,Industry name
Transportation - Diversified & Other industry,-52,Industry name
Auxiliary Enterprises industry,-53,Industry name
Community Colleges and Districts industry,-56,Industry name
Private Universities industry,-58,Industry name
Public Universities industry,-59,Industry name
Human Service Providers industry,-61,Industry name
Federally Enhanced Housing - Credit Enhancement Instruments industry,-68,Industry name
Federally Enhanced Housing - Multifamily MBS industry,-71,Industry name
Federally Enhanced Housing - Single-Family MBS industry,-72,Industry name
Federally Enhanced Housing - Single-Family Managed MBS Programs industry,-74,Industry name
Housing Finance Agencies GO Debt industry,-75,Industry name
Housing Finance Agencies ICR industry,-76,Industry name
Interest Only industry,-77,Industry name
Rental Housing Bonds - Multifamily Managed Pools industry,-81,Industry name
Rental Housing Bonds - Multifamily Static Pools industry,-82,Industry name
Social Enterprise Lending Organizations ICR industry,-87,Industry name
Federally Backed Leases industry,-89,Industry name
GO Municipalities & Counties industry,-91,Industry name
GO School Districts industry,-92,Industry name
GO Special Districts industry,-93,Industry name
GO Water Districts industry,-94,Industry name
Lottery Revenue industry,-95,Industry name
Miscellaneous Tax industry,-96,Industry name
Priority Lien industry,-98,Industry name
Prison Project Revenue industry,-99,Industry name
Special Assessments industry,-100,Industry name
State Enhancement Programs industry,-101,Industry name
Tax Increment industry,-102,Industry name
Tribes & Nations industry,-103,Industry name
Not-for-Profit industry,-104,Industry name
Retail Electric & Gas industry,-108,Industry name
Wholesale Electric industry,-110,Industry name
Pension Funds industry,-111,Industry name
States industry,-112,Industry name
Grant Anticipation Revenue Vehicles industry,-113,Industry name
State Revolving Fund Pools industry,-116,Industry name
Water-Sewer Independent Wholesale industry,-117,Industry name
aerospace & defense industry,-119,Industry name
building materials industry,-121,Industry name
business and consumer services industry,-122,Industry name
capital goods industry,-123,Industry name
commercial & professional services industry,-125,Industry name
consumer products industry,-126,Industry name
energy industry,-128,Industry name
homebuilding industry,-130,Industry name
hotels & gaming industry,-131,Industry name
information technology industry,-132,Industry name
metals & mining industry,-134,Industry name
transportation industry,-139,Industry name
industrial industry,-140,Industry name
oil & gas industry,-143,Industry name
power industry,-144,Industry name
electric industry,-148,Industry name
gas industry,-149,Industry name
multi industry,-150,Industry name
water industry,-151,Industry name
liquefied natural gas industry,-153,Industry name
midstream energy companies industry,-154,Industry name
oil & gas projects industry,-155,Industry name
projects - conventional power industry,-158,Industry name
projects - power & other industry,-159,Industry name
projects - renewables industry,-160,Industry name
schools industry,-164,Industry name
social - other industry,-165,Industry name
airports industry,-166,Industry name
ports industry,-167,Industry name
railroads industry,-168,Industry name
transportation - diversified & other industry,-170,Industry name
auxiliary enterprises industry,-171,Industry name
charter schools industry,-173,Industry name
community colleges and districts industry,-174,Industry name
private universities industry,-176,Industry name
human service providers industry,-179,Industry name
community development financial institutions go debt industry,-184,Industry name
federally enhanced housing - credit enhancement instruments industry,-186,Industry name
federally enhanced housing - multifamily mbs industry,-189,Industry name
federally enhanced housing - single-family mbs industry,-190,Industry name
federally enhanced housing - single-family managed mbs programs industry,-192,Industry name
housing finance agencies go debt industry,-193,Industry name
housing finance agencies icr industry,-194,Industry name
interest only industry,-195,Industry name
rental housing bonds - multifamily managed pools industry,-199,Industry name
rental housing bonds - multifamily static pools industry,-200,Industry name
social enterprise lending organizations icr industry,-205,Industry name
federally backed leases industry,-207,Industry name
go municipalities & counties industry,-209,Industry name
go school districts industry,-210,Industry name
go special districts industry,-211,Industry name
go water districts industry,-212,Industry name
lottery revenue industry,-213,Industry name
miscellaneous tax industry,-214,Industry name
municipal utility districts industry,-215,Industry name
priority lien industry,-216,Industry name
special assessments industry,-218,Industry name
state enhancement programs industry,-219,Industry name
tribes & nations industry,-221,Industry name
not-for-profit industry,-222,Industry name
retail electric & gas industry,-226,Industry name
wholesale electric industry,-228,Industry name
pension funds industry,-229,Industry name
grant anticipation revenue vehicles industry,-231,Industry name
state revolving fund pools industry,-234,Industry name
water-sewer independent wholesale industry,-235,Industry name
Information Services industry,-243,Industry name
Research and Development (R&D) industry,-245,Industry name
research and development (R&D) industry,-246,Industry name
Professional Services industry,-247,Industry name
professional services industry,-248,Industry name
Hospitality and Tourism industry,-249,Industry name
hospitality and tourism industry,-250,Industry name
Information Technology industry,-251,Industry name
information technology industry,-252,Industry name
Education industry,-255,Industry name
education industry,-256,Industry name
Retail and Wholesale industry,-261,Industry name
retail and wholesale industry,-262,Industry name
utilities industry,-264,Industry name
Construction industry,-265,Industry name
construction industry,-266,Industry name
Manufacturing industry,-267,Industry name
manufacturing industry,-268,Industry name
Forestry industry,-271,Industry name
forestry industry,-272,Industry name
Mining industry,-273,Industry name
mining industry,-274,Industry name
Agriculture industry,-275,Industry name
agriculture industry,-276,Industry name
Auto makers,-279,Industry name
auto makers,-280,Industry name
Retail,-281,Industry name
retail,-282,Industry name
Agriculture industry,-283,Industry name
agriculture industry,-284,Industry name
Mining industry,-285,Industry name
mining industry,-286,Industry name
forestry industry,-288,Industry name
Manufacturing industry,-291,Industry name
manufacturing industry,-292,Industry name
Construction industry,-293,Industry name
construction industry,-294,Industry name
Utilities industry,-295,Industry name
utilities industry,-296,Industry name
retail and wholesale industry,-298,Industry name
Education industry,-303,Industry name
education industry,-304,Industry name
information technology industry,-308,Industry name
Hospitality and Tourism industry,-309,Industry name
Professional Services industry,-311,Industry name
professional services industry,-312,Industry name
Research and Development (R&D) industry,-313,Industry name
research and development (R&D) industry,-314,Industry name
information services industry,-316,Industry name
Building Materials sector,-325,Industry name
Business and Consumer Services sector,-326,Industry name
Capital Goods sector,-327,Industry name
Commercial & Professional Services sector,-329,Industry name
Consumer Products sector,-330,Industry name
Energy sector,-332,Industry name
Homebuilding sector,-334,Industry name
Hotels & Gaming sector,-335,Industry name
Information Technology sector,-336,Industry name
Metals & Mining sector,-338,Industry name
Property & Real Estate sector,-340,Industry name
Transportation sector,-343,Industry name
Industrial sector,-344,Industry name
Natural Resources/ Mining sector,-346,Industry name
Electric sector,-352,Industry name
Gas sector,-353,Industry name
Liquefied Natural Gas sector,-357,Industry name
Midstream Energy Companies sector,-358,Industry name
Oil & Gas Projects sector,-359,Industry name
Refining Companies sector,-360,Industry name
Projects - Conventional Power sector,-362,Industry name
Projects - Renewables sector,-364,Industry name
Hospitals sector,-366,Industry name
Schools sector,-368,Industry name
Social - Other sector,-369,Industry name
Airports sector,-370,Industry name
Ports sector,-371,Industry name
Railroads sector,-372,Industry name
Transportation - Diversified & Other sector,-374,Industry name
Auxiliary Enterprises sector,-375,Industry name
Charter Schools sector,-377,Industry name
Community Colleges and Districts sector,-378,Industry name
Private Universities sector,-380,Industry name
Human Service Providers sector,-383,Industry name
Community Development Financial Institutions GO Debt sector,-388,Industry name
Federally Enhanced Housing - Credit Enhancement Instruments sector,-390,Industry name
Federally Enhanced Housing - Multifamily MBS sector,-393,Industry name
Federally Enhanced Housing - Single-Family MBS sector,-394,Industry name
Federally Enhanced Housing - Single-Family Managed MBS Programs sector,-396,Industry name
Housing Finance Agencies GO Debt sector,-397,Industry name
Housing Finance Agencies ICR sector,-398,Industry name
Interest Only sector,-399,Industry name
Rental Housing Bonds - Multifamily Managed Pools sector,-403,Industry name
Rental Housing Bonds - Multifamily Static Pools sector,-404,Industry name
Social Enterprise Lending Organizations ICR sector,-409,Industry name
Federally Backed Leases sector,-411,Industry name
GO Municipalities & Counties sector,-413,Industry name
GO School Districts sector,-414,Industry name
GO Special Districts sector,-415,Industry name
GO Water Districts sector,-416,Industry name
Lottery Revenue sector,-417,Industry name
Miscellaneous Tax sector,-418,Industry name
Priority Lien sector,-420,Industry name
Prison Project Revenue sector,-421,Industry name
State Enhancement Programs sector,-423,Industry name
Tax Increment sector,-424,Industry name
Tribes & Nations sector,-425,Industry name
Not-for-Profit sector,-426,Industry name
Strong Link sector,-427,Industry name
Wholesale Utility sector,-429,Industry name
Retail Electric & Gas sector,-430,Industry name
Wholesale Electric sector,-432,Industry name
States sector,-434,Industry name
Grant Anticipation Revenue Vehicles sector,-435,Industry name
State Revolving Fund Pools sector,-438,Industry name
Water-Sewer Independent Wholesale sector,-439,Industry name
aerospace & defense sector,-441,Industry name
building materials sector,-443,Industry name
business and consumer services sector,-444,Industry name
capital goods sector,-445,Industry name
chemicals sector,-446,Industry name
commercial & professional services sector,-447,Industry name
consumer products sector,-448,Industry name
homebuilding sector,-452,Industry name
hotels & gaming sector,-453,Industry name
information technology sector,-454,Industry name
metals & mining sector,-456,Industry name
paper & forest products sector,-457,Industry name
property & real estate sector,-458,Industry name
transportation sector,-461,Industry name
industrial sector,-462,Industry name
natural resources/ mining sector,-464,Industry name
oil & gas sector,-465,Industry name
power sector,-466,Industry name
electric sector,-470,Industry name
gas sector,-471,Industry name
multi sector,-472,Industry name
water sector,-473,Industry name
liquefied natural gas sector,-475,Industry name
midstream energy companies sector,-476,Industry name
oil & gas projects sector,-477,Industry name
refining companies sector,-478,Industry name
projects - conventional power sector,-480,Industry name
projects - power & other sector,-481,Industry name
projects - renewables sector,-482,Industry name
hospitals sector,-484,Industry name
schools sector,-486,Industry name
social - other sector,-487,Industry name
railroads sector,-490,Industry name
transportation - diversified & other sector,-492,Industry name
auxiliary enterprises sector,-493,Industry name
charter schools sector,-495,Industry name
community colleges and districts sector,-496,Industry name
private universities sector,-498,Industry name
public universities sector,-499,Industry name
human service providers sector,-501,Industry name
community development financial institutions go debt sector,-506,Industry name
federally enhanced housing - credit enhancement instruments sector,-508,Industry name
federally enhanced housing - multifamily mbs sector,-511,Industry name
federally enhanced housing - single-family mbs sector,-512,Industry name
federally enhanced housing - single-family managed mbs programs sector,-514,Industry name
housing finance agencies icr sector,-516,Industry name
interest only sector,-517,Industry name
rental housing bonds - multifamily managed pools sector,-521,Industry name
rental housing bonds - multifamily static pools sector,-522,Industry name
social enterprise lending organizations icr sector,-527,Industry name
federally backed leases sector,-529,Industry name
go municipalities & counties sector,-531,Industry name
go school districts sector,-532,Industry name
go special districts sector,-533,Industry name
go water districts sector,-534,Industry name
lottery revenue sector,-535,Industry name
miscellaneous tax sector,-536,Industry name
municipal utility districts sector,-537,Industry name
priority lien sector,-538,Industry name
prison project revenue sector,-539,Industry name
special assessments sector,-540,Industry name
state enhancement programs sector,-541,Industry name
tax increment sector,-542,Industry name
tribes & nations sector,-543,Industry name
not-for-profit sector,-544,Industry name
strong link sector,-545,Industry name
retail electric & gas sector,-548,Industry name
wholesale electric sector,-550,Industry name
pension funds sector,-551,Industry name
states sector,-552,Industry name
grant anticipation revenue vehicles sector,-553,Industry name
state revolving fund pools sector,-556,Industry name
water-sewer independent wholesale sector,-557,Industry name
Information Services sector,-565,Industry name
information services sector,-566,Industry name
Research and Development (R&D) sector,-567,Industry name
research and development (R&D) sector,-568,Industry name
Professional Services sector,-569,Industry name
professional services sector,-570,Industry name
Hospitality and Tourism sector,-571,Industry name
hospitality and tourism sector,-572,Industry name
Information Technology sector,-573,Industry name
information technology sector,-574,Industry name
Education sector,-577,Industry name
education sector,-578,Industry name
Retail and Wholesale sector,-583,Industry name
utilities sector,-586,Industry name
Construction sector,-587,Industry name
construction sector,-588,Industry name
Manufacturing sector,-589,Industry name
Forestry sector,-593,Industry name
forestry sector,-594,Industry name
mining sector,-596,Industry name
Agriculture sector,-597,Industry name
agriculture sector,-598,Industry name
Auto makers,-601,Industry name
auto makers,-602,Industry name
Retail,-603,Industry name
retail,-604,Industry name
Agriculture sector,-605,Industry name
agriculture sector,-606,Industry name
Mining sector,-607,Industry name
mining sector,-608,Industry name
Forestry sector,-609,Industry name
forestry sector,-610,Industry name
Manufacturing sector,-613,Industry name
manufacturing sector,-614,Industry name
Construction sector,-615,Industry name
Utilities sector,-617,Industry name
utilities sector,-618,Industry name
Retail and Wholesale sector,-619,Industry name
retail and wholesale sector,-620,Industry name
Education sector,-625,Industry name
education sector,-626,Industry name
Information Technology sector,-629,Industry name
information technology sector,-630,Industry name
Hospitality and Tourism sector,-631,Industry name
hospitality and tourism sector,-632,Industry name
Professional Services sector,-633,Industry name
professional services sector,-634,Industry name
Research and Development (R&D) sector,-635,Industry name
research and development (R&D) sector,-636,Industry name
Information Services sector,-637,Industry name
information services sector,-638,Industry name