{
    "3605367": {
        "3605368": [
            "3605369",
            "3605370",
            "3605371",
            "3605372",
            "3605373",
            "3605374",
            "3605375",
            "3605376",
            "3605377",
            "3605378",
            "3605379",
            "3605380",
            "3605381",
            "3605382",
            "3605383",
            "3605384",
            "3605385",
            "3605386",
            "3605387",
            "3605388",
            "3605389"
        ],
        "3605395": [
            "3605396",
            "3605397",
            "3605398",
            "3605399",
            "3605400",
            "3605401",
            "3605402",
            "3605403"
        ],
        "3605390": [
            "3605391",
            "3605392",
            "3605393",
            "3605394"
        ]
    },
    "3605404": [
        "3605405",
        "3605406",
        "3605407",
        "3605408",
        "3605409"
    ],
    "3605416": [
        "3605417",
        "3605419",
        "3605418"
    ],
    "3605420": {
        "70526700": [
            "70526712",
            "70526708",
            "70526709",
            "70526710",
            "70526711"
        ],
        "70526706": [],
        "70526707": [],
        "70526701": [
            "70526713",
            "70526714",
            "70526716",
            "70526715"
        ],
        "70526705": [],
        "70526702": [
            "70526717",
            "70526718",
            "70526719",
            "70526720",
            "70526721"
        ],
        "70526703": [
            "70526722",
            "70526723",
            "70526724",
            "70526725",
            "70526726"
        ],
        "70526704": [
            "70526727",
            "70526728",
            "70526729",
            "70526730"
        ]
    },
    "3605410": [
        "3605411",
        "3605412",
        "3605413",
        "3605414",
        "3605415"
    ],
    "37262056": [
        "37262057",
        "37262058",
        "37262059",
        "37262060",
        "37262061",
        "37262063",
        "37262062"
    ],
    "3686244": []
}