{
    "3605367": "Corporates",
    "3605368": "Industrials",
    "3605369": "Aerospace & Defense",
    "3605370": "Automobiles & Components",
    "3605371": "Building Materials",
    "3605372": "Business and Consumer Services",
    "3605373": "Capital Goods",
    "3605374": "Chemicals",
    "3605375": "Commercial & Professional Services",
    "3605376": "Consumer Products",
    "3605377": "Containers & Packaging",
    "3605378": "Energy",
    "3605379": "Health Care",
    "3605380": "Homebuilding",
    "3605381": "Hotels & Gaming",
    "3605382": "Information Technology",
    "3605383": "Media & Entertainment",
    "3605384": "Metals & Mining",
    "3605385": "Paper & Forest Products",
    "3605386": "Property & Real Estate",
    "3605387": "Retailing",
    "3605388": "Telecom Services",
    "3605389": "Transportation",
    "3605395": "Project Finance",
    "3605396": "Industrial",
    "3605397": "Leisure & Gaming",
    "3605398": "Natural Resources Mining",
    "3605399": "Oil & Gas",
    "3605400": "Power",
    "3605401": "Public Finance Initiative Real Estate",
    "3605402": "Telecom",
    "3605403": "Transport",
    "3605390": "Utilities",
    "3605391": "Electric",
    "3605392": "Gas",
    "3605393": "Multi",
    "3605394": "Water",
    "3605404": "Financial Institutions",
    "3605405": "Asset Managers",
    "3605406": "Banks",
    "3605407": "BrokerDealers",
    "3605408": "Finance Companies",
    "3605409": "Others",
    "3605416": "Governments",
    "3605417": "International Public Finance",
    "3605419": "Sovereign Related",
    "3605418": "Sovereigns",
    "3605420": "Infrastructure",
    "70526700": "Energy and Oil & Gas",
    "70526712": "Energy and Oil & Gas  Other Companies",
    "70526708": "Liquefied Natural Gas",
    "70526709": "Midstream Energy Companies",
    "70526710": "Oil & Gas Projects",
    "70526711": "Refining Companies",
    "70526706": "International Public Finance",
    "70526707": "Other Infrastructure Entities",
    "70526701": "Power Generation and Transmission",
    "70526713": "Power Companies",
    "70526714": "Projects  Conventional Power",
    "70526716": "Projects  Power & Other",
    "70526715": "Projects  Renewables",
    "70526705": "Project Developers",
    "70526702": "Social",
    "70526717": "Entertainment",
    "70526718": "Hospitals",
    "70526719": "Housing",
    "70526720": "Schools",
    "70526721": "Social  Other",
    "70526703": "Transportation",
    "70526722": "Airports",
    "70526723": "Ports",
    "70526724": "Railroads",
    "70526725": "Roads, Bridges, & Tunnels",
    "70526726": "Transportation  Diversified & Other",
    "70526704": "Utilities",
    "70526727": "Electric",
    "70526728": "Gas",
    "70526729": "Multi",
    "70526730": "Water",
    "3605410": "Insurance",
    "3605411": "Bond",
    "3605412": "Health",
    "3605413": "Life",
    "3605414": "Property Casualty",
    "3605415": "Reinsurance Specialty",
    "37262056": "Structured Finance",
    "37262057": "AssetBacked Commercial Paper",
    "37262058": "AssetBacked Securities",
    "37262059": "Commercial MortgageBacked Securities",
    "37262060": "Covered Bonds",
    "37262061": "Residential MortgageBacked Securities",
    "37262063": "Servicer Evaluations",
    "37262062": "Structured Credit",
    "3686244": "US Public Finance"
}