{
    "DEFAULT_PAYLOAD": {
        "conversionInformation": {
            "keyCurrency": "",
            "measurementStandard": 0,
            "conversionMode": 0,
            "magnitudeOverride": null,
            "nullValue": "NA",
            "dataLanguage": "en-US",
            "requestCulture": "en-US",
            "reportingBasis": "Current/Restated",
            "dateComparison": "Filing Date",
            "industryClassification": "0"
        },
        "clientContext": {
            "templatedId": null,
            "clientVersion": "1.0",
            "machineId": "00000000-0000-0000-0000-000000000000",
            "disableLogging": false,
            "is64Bit": false,
            "keyClientCodes": null,
            "isGrouped": false,
            "randomClientCodes": null,
            "excelCulture": "en-US",
            "requestSource": 5,
            "forceLocalQueries": false,
            "enableStatistics": false
        },
        "functionRequests": [
            {
                "perspective": "266637",
                "requestedPerspective": "266637",
                "operationType": 22,
                "fields": [],
                "groupByField": null,
                "keys": null,
                "pagingInfo": {
                    "pageSize": 25,
                    "pageNumber": 0,
                    "sortDirection": 0
                },
                "query": {
                    "keyPerspective": "266637",
                    "baseCompany": null,
                    "queryFilters": [],
                    "queryLineGroups": [
                        {
                            "groupName": "QueryLines",
                            "queryLines": []
                        },
                        {
                            "groupName": "WhiteAndBlackListCriteria",
                            "queryLines": []
                        },
                        {
                            "groupName": "RankingCriteria",
                            "queryLines": []
                        }
                    ]
                },
                "functionId": 0,
                "groomingStrategyApplied": false,
                "groomedColumnOrdinal": null,
                "groomedRowOrdinal": null,
                "conversionInfo": null,
                "requestedKeys": null,
                "userDefinedFormulas": []
            }
        ],
        "userDefinedFormulas": null,
        "userDefinedCriteria": null,
        "extensionPropertiesJson": "{\"maximumRowLimit\":250000,\"maximumColumnLimit\":200,\"maximumCellLimit\":10000000,\"queryLineToFieldMappings\":{\"queryLineToFieldMappings\":[{\"mappingId\":\"a1d9201e-7512-4b3c-9f29-180ebe44a75b\",\"reportIndex\":0,\"queryLineIndex\":2,\"rankFieldIndex\":3}]},\"userDefinedFormulas\":[],\"forceLocalQueries\":false,\"dotNetFrameworkVersion\":null}"
    },
    "GLOBAL_CREDIT_RATING_BASE": [
        {
            "primary": 333832,
            "exportPrimary": "RD_RATING_ACTION_GLOBAL",
            "secondary": "Issuer Credit Rating",
            "tertiary": "Local Currency LT|0",
            "contextJson": null,
            "originalSecondary": null,
            "originalTertiary": null,
            "context": null
        },
        {
            "primary": 333832,
            "exportPrimary": "RD_RATING_ACTION_GLOBAL",
            "secondary": "Issuer Credit Rating",
            "tertiary": "Local Currency ST|0",
            "contextJson": null,
            "originalSecondary": null,
            "originalTertiary": null,
            "context": null
        },
        {
            "primary": 333832,
            "exportPrimary": "RD_RATING_ACTION_GLOBAL",
            "secondary": "Issuer Credit Rating",
            "tertiary": "Foreign Currency LT|0",
            "contextJson": null,
            "originalSecondary": null,
            "originalTertiary": null,
            "context": null
        },
        {
            "primary": 333832,
            "exportPrimary": "RD_RATING_ACTION_GLOBAL",
            "secondary": "Issuer Credit Rating",
            "tertiary": "Foreign Currency ST|0",
            "contextJson": null,
            "originalSecondary": null,
            "originalTertiary": null,
            "context": null
        },
        {
            "primary": 334045,
            "exportPrimary": "RD_CREDIT_RATING_GLOBAL",
            "secondary": "Issuer Credit Rating",
            "tertiary": "Local Currency LT|0",
            "contextJson": null,
            "originalSecondary": null,
            "originalTertiary": null,
            "context": null
        },
        {
            "primary": 334045,
            "exportPrimary": "RD_CREDIT_RATING_GLOBAL",
            "secondary": "Issuer Credit Rating",
            "tertiary": "Foreign Currency LT|0",
            "contextJson": null,
            "originalSecondary": null,
            "originalTertiary": null,
            "context": null
        },
        {
            "primary": 334045,
            "exportPrimary": "RD_CREDIT_RATING_GLOBAL",
            "secondary": "Issuer Credit Rating",
            "tertiary": "Foreign Currency ST|0",
            "contextJson": null,
            "originalSecondary": null,
            "originalTertiary": null,
            "context": null
        },
        {
            "primary": 334045,
            "exportPrimary": "RD_CREDIT_RATING_GLOBAL",
            "secondary": "Issuer Credit Rating",
            "tertiary": "Local Currency ST|0",
            "contextJson": null,
            "originalSecondary": null,
            "originalTertiary": null,
            "context": null
        },
        {
            "primary": 334235,
            "exportPrimary": "RD_CWOL_GLOBAL",
            "secondary": "Issuer Credit Rating",
            "tertiary": "Local Currency LT|0",
            "contextJson": null,
            "originalSecondary": null,
            "originalTertiary": null,
            "context": null
        },
        {
            "primary": 334235,
            "exportPrimary": "RD_CWOL_GLOBAL",
            "secondary": "Issuer Credit Rating",
            "tertiary": "Foreign Currency LT|0",
            "contextJson": null,
            "originalSecondary": null,
            "originalTertiary": null,
            "context": null
        },
        {
            "primary": 334235,
            "exportPrimary": "RD_CWOL_GLOBAL",
            "secondary": "Issuer Credit Rating",
            "tertiary": "Foreign Currency ST|0",
            "contextJson": null,
            "originalSecondary": null,
            "originalTertiary": null,
            "context": null
        },
        {
            "primary": 334235,
            "exportPrimary": "RD_CWOL_GLOBAL",
            "secondary": "Issuer Credit Rating",
            "tertiary": "Local Currency ST|0",
            "contextJson": null,
            "originalSecondary": null,
            "originalTertiary": null,
            "context": null
        },
        {
            "primary": 336004,
            "exportPrimary": "RD_CREDIT_RATING_DATE_GLOBAL",
            "secondary": "Issuer Credit Rating",
            "tertiary": "Local Currency LT|0",
            "contextJson": null,
            "originalSecondary": null,
            "originalTertiary": null,
            "context": null
        },
        {
            "primary": 336004,
            "exportPrimary": "RD_CREDIT_RATING_DATE_GLOBAL",
            "secondary": "Issuer Credit Rating",
            "tertiary": "Foreign Currency LT|0",
            "contextJson": null,
            "originalSecondary": null,
            "originalTertiary": null,
            "context": null
        },
        {
            "primary": 336004,
            "exportPrimary": "RD_CREDIT_RATING_DATE_GLOBAL",
            "secondary": "Issuer Credit Rating",
            "tertiary": "Foreign Currency ST|0",
            "contextJson": null,
            "originalSecondary": null,
            "originalTertiary": null,
            "context": null
        },
        {
            "primary": 336004,
            "exportPrimary": "RD_CREDIT_RATING_DATE_GLOBAL",
            "secondary": "Issuer Credit Rating",
            "tertiary": "Local Currency ST|0",
            "contextJson": null,
            "originalSecondary": null,
            "originalTertiary": null,
            "context": null
        },
        {
            "primary": 336003,
            "exportPrimary": "RD_CREDIT_WATCH_OUTLOOK_DATE_GLOBAL",
            "secondary": "Issuer Credit Rating",
            "tertiary": "Local Currency LT|0",
            "contextJson": null,
            "originalSecondary": null,
            "originalTertiary": null,
            "context": null
        },
        {
            "primary": 336003,
            "exportPrimary": "RD_CREDIT_WATCH_OUTLOOK_DATE_GLOBAL",
            "secondary": "Issuer Credit Rating",
            "tertiary": "Foreign Currency LT|0",
            "contextJson": null,
            "originalSecondary": null,
            "originalTertiary": null,
            "context": null
        },
        {
            "primary": 336003,
            "exportPrimary": "RD_CREDIT_WATCH_OUTLOOK_DATE_GLOBAL",
            "secondary": "Issuer Credit Rating",
            "tertiary": "Foreign Currency ST|0",
            "contextJson": null,
            "originalSecondary": null,
            "originalTertiary": null,
            "context": null
        },
        {
            "primary": 336003,
            "exportPrimary": "RD_CREDIT_WATCH_OUTLOOK_DATE_GLOBAL",
            "secondary": "Issuer Credit Rating",
            "tertiary": "Local Currency ST|0",
            "contextJson": null,
            "originalSecondary": null,
            "originalTertiary": null,
            "context": null
        },
        {
            "primary": 334045,
            "exportPrimary": "RD_CREDIT_RATING_GLOBAL",
            "secondary": "Issuer Credit Rating",
            "tertiary": "Local Currency LT|1",
            "contextJson": null,
            "originalSecondary": null,
            "originalTertiary": null,
            "context": null
        },
        {
            "primary": 334045,
            "exportPrimary": "RD_CREDIT_RATING_GLOBAL",
            "secondary": "Issuer Credit Rating",
            "tertiary": "Foreign Currency LT|1",
            "contextJson": null,
            "originalSecondary": null,
            "originalTertiary": null,
            "context": null
        },
        {
            "primary": 334045,
            "exportPrimary": "RD_CREDIT_RATING_GLOBAL",
            "secondary": "Issuer Credit Rating",
            "tertiary": "Foreign Currency ST|1",
            "contextJson": null,
            "originalSecondary": null,
            "originalTertiary": null,
            "context": null
        },
        {
            "primary": 334045,
            "exportPrimary": "RD_CREDIT_RATING_GLOBAL",
            "secondary": "Issuer Credit Rating",
            "tertiary": "Local Currency ST|1",
            "contextJson": null,
            "originalSecondary": null,
            "originalTertiary": null,
            "context": null
        },
        {
            "primary": 334235,
            "exportPrimary": "RD_CWOL_GLOBAL",
            "secondary": "Issuer Credit Rating",
            "tertiary": "Local Currency LT|1",
            "contextJson": null,
            "originalSecondary": null,
            "originalTertiary": null,
            "context": null
        },
        {
            "primary": 334235,
            "exportPrimary": "RD_CWOL_GLOBAL",
            "secondary": "Issuer Credit Rating",
            "tertiary": "Foreign Currency LT|1",
            "contextJson": null,
            "originalSecondary": null,
            "originalTertiary": null,
            "context": null
        },
        {
            "primary": 334235,
            "exportPrimary": "RD_CWOL_GLOBAL",
            "secondary": "Issuer Credit Rating",
            "tertiary": "Foreign Currency ST|1",
            "contextJson": null,
            "originalSecondary": null,
            "originalTertiary": null,
            "context": null
        },
        {
            "primary": 334235,
            "exportPrimary": "RD_CWOL_GLOBAL",
            "secondary": "Issuer Credit Rating",
            "tertiary": "Local Currency ST|1",
            "contextJson": null,
            "originalSecondary": null,
            "originalTertiary": null,
            "context": null
        },
        {
            "primary": 333833,
            "exportPrimary": "RD_LAST_REVIEW_DATE_GLOBAL",
            "secondary": "Issuer Credit Rating",
            "tertiary": "Local Currency LT",
            "contextJson": null,
            "originalSecondary": null,
            "originalTertiary": null,
            "context": null
        },
        {
            "primary": 333833,
            "exportPrimary": "RD_LAST_REVIEW_DATE_GLOBAL",
            "secondary": "Issuer Credit Rating",
            "tertiary": "Foreign Currency LT",
            "contextJson": null,
            "originalSecondary": null,
            "originalTertiary": null,
            "context": null
        },
        {
            "primary": 333833,
            "exportPrimary": "RD_LAST_REVIEW_DATE_GLOBAL",
            "secondary": "Issuer Credit Rating",
            "tertiary": "Foreign Currency ST",
            "contextJson": null,
            "originalSecondary": null,
            "originalTertiary": null,
            "context": null
        },
        {
            "primary": 333833,
            "exportPrimary": "RD_LAST_REVIEW_DATE_GLOBAL",
            "secondary": "Issuer Credit Rating",
            "tertiary": "Local Currency ST",
            "contextJson": null,
            "originalSecondary": null,
            "originalTertiary": null,
            "context": null
        }
    ],
    "GLOBAL_CREDIT_RATING_FSR": [
        {
            "primary": 334045,
            "exportPrimary": "RD_CREDIT_RATING_GLOBAL",
            "secondary": "Financial Strength Rating",
            "tertiary": "Local Currency LT|1",
            "contextJson": null,
            "originalSecondary": null,
            "originalTertiary": null,
            "context": null
        },
        {
            "primary": 334045,
            "exportPrimary": "RD_CREDIT_RATING_GLOBAL",
            "secondary": "Financial Strength Rating",
            "tertiary": "Foreign Currency LT|1",
            "contextJson": null,
            "originalSecondary": null,
            "originalTertiary": null,
            "context": null
        },
        {
            "primary": 334045,
            "exportPrimary": "RD_CREDIT_RATING_GLOBAL",
            "secondary": "Financial Strength Rating",
            "tertiary": "Foreign Currency ST|1",
            "contextJson": null,
            "originalSecondary": null,
            "originalTertiary": null,
            "context": null
        },
        {
            "primary": 334045,
            "exportPrimary": "RD_CREDIT_RATING_GLOBAL",
            "secondary": "Financial Strength Rating",
            "tertiary": "Local Currency ST|1",
            "contextJson": null,
            "originalSecondary": null,
            "originalTertiary": null,
            "context": null
        },
        {
            "primary": 334045,
            "exportPrimary": "RD_CREDIT_RATING_GLOBAL",
            "secondary": "Financial Strength Rating",
            "tertiary": "Local Currency LT|0",
            "contextJson": null,
            "originalSecondary": null,
            "originalTertiary": null,
            "context": null
        },
        {
            "primary": 334045,
            "exportPrimary": "RD_CREDIT_RATING_GLOBAL",
            "secondary": "Financial Strength Rating",
            "tertiary": "Foreign Currency LT|0",
            "contextJson": null,
            "originalSecondary": null,
            "originalTertiary": null,
            "context": null
        },
        {
            "primary": 334045,
            "exportPrimary": "RD_CREDIT_RATING_GLOBAL",
            "secondary": "Financial Strength Rating",
            "tertiary": "Foreign Currency ST|0",
            "contextJson": null,
            "originalSecondary": null,
            "originalTertiary": null,
            "context": null
        },
        {
            "primary": 334045,
            "exportPrimary": "RD_CREDIT_RATING_GLOBAL",
            "secondary": "Financial Strength Rating",
            "tertiary": "Local Currency ST|0",
            "contextJson": null,
            "originalSecondary": null,
            "originalTertiary": null,
            "context": null
        },
        {
            "primary": 334235,
            "exportPrimary": "RD_CWOL_GLOBAL",
            "secondary": "Financial Strength Rating",
            "tertiary": "Local Currency LT|0",
            "contextJson": null,
            "originalSecondary": null,
            "originalTertiary": null,
            "context": null
        },
        {
            "primary": 334235,
            "exportPrimary": "RD_CWOL_GLOBAL",
            "secondary": "Financial Strength Rating",
            "tertiary": "Foreign Currency LT|0",
            "contextJson": null,
            "originalSecondary": null,
            "originalTertiary": null,
            "context": null
        },
        {
            "primary": 334235,
            "exportPrimary": "RD_CWOL_GLOBAL",
            "secondary": "Financial Strength Rating",
            "tertiary": "Foreign Currency ST|0",
            "contextJson": null,
            "originalSecondary": null,
            "originalTertiary": null,
            "context": null
        },
        {
            "primary": 334235,
            "exportPrimary": "RD_CWOL_GLOBAL",
            "secondary": "Financial Strength Rating",
            "tertiary": "Local Currency ST|0",
            "contextJson": null,
            "originalSecondary": null,
            "originalTertiary": null,
            "context": null
        },
        {
            "primary": 334235,
            "exportPrimary": "RD_CWOL_GLOBAL",
            "secondary": "Financial Strength Rating",
            "tertiary": "Local Currency LT|1",
            "contextJson": null,
            "originalSecondary": null,
            "originalTertiary": null,
            "context": null
        },
        {
            "primary": 334235,
            "exportPrimary": "RD_CWOL_GLOBAL",
            "secondary": "Financial Strength Rating",
            "tertiary": "Foreign Currency LT|1",
            "contextJson": null,
            "originalSecondary": null,
            "originalTertiary": null,
            "context": null
        },
        {
            "primary": 334235,
            "exportPrimary": "RD_CWOL_GLOBAL",
            "secondary": "Financial Strength Rating",
            "tertiary": "Foreign Currency ST|1",
            "contextJson": null,
            "originalSecondary": null,
            "originalTertiary": null,
            "context": null
        },
        {
            "primary": 334235,
            "exportPrimary": "RD_CWOL_GLOBAL",
            "secondary": "Financial Strength Rating",
            "tertiary": "Local Currency ST|1",
            "contextJson": null,
            "originalSecondary": null,
            "originalTertiary": null,
            "context": null
        },
        {
            "primary": 333833,
            "exportPrimary": "RD_LAST_REVIEW_DATE_GLOBAL",
            "secondary": "Financial Strength Rating",
            "tertiary": "Local Currency LT",
            "contextJson": null,
            "originalSecondary": null,
            "originalTertiary": null,
            "context": null
        },
        {
            "primary": 333833,
            "exportPrimary": "RD_LAST_REVIEW_DATE_GLOBAL",
            "secondary": "Financial Strength Rating",
            "tertiary": "Foreign Currency ST",
            "contextJson": null,
            "originalSecondary": null,
            "originalTertiary": null,
            "context": null
        },
        {
            "primary": 333833,
            "exportPrimary": "RD_LAST_REVIEW_DATE_GLOBAL",
            "secondary": "Financial Strength Rating",
            "tertiary": "Foreign Currency LT",
            "contextJson": null,
            "originalSecondary": null,
            "originalTertiary": null,
            "context": null
        },
        {
            "primary": 333833,
            "exportPrimary": "RD_LAST_REVIEW_DATE_GLOBAL",
            "secondary": "Financial Strength Rating",
            "tertiary": "Local Currency ST",
            "contextJson": null,
            "originalSecondary": null,
            "originalTertiary": null,
            "context": null
        },
        {
            "primary": 336004,
            "exportPrimary": "RD_CREDIT_RATING_DATE_GLOBAL",
            "secondary": "Financial Strength Rating",
            "tertiary": "Local Currency LT|0",
            "contextJson": null,
            "originalSecondary": null,
            "originalTertiary": null,
            "context": null
        },
        {
            "primary": 336004,
            "exportPrimary": "RD_CREDIT_RATING_DATE_GLOBAL",
            "secondary": "Financial Strength Rating",
            "tertiary": "Foreign Currency ST|0",
            "contextJson": null,
            "originalSecondary": null,
            "originalTertiary": null,
            "context": null
        },
        {
            "primary": 336004,
            "exportPrimary": "RD_CREDIT_RATING_DATE_GLOBAL",
            "secondary": "Financial Strength Rating",
            "tertiary": "Foreign Currency LT|0",
            "contextJson": null,
            "originalSecondary": null,
            "originalTertiary": null,
            "context": null
        },
        {
            "primary": 336004,
            "exportPrimary": "RD_CREDIT_RATING_DATE_GLOBAL",
            "secondary": "Financial Strength Rating",
            "tertiary": "Local Currency ST|0",
            "contextJson": null,
            "originalSecondary": null,
            "originalTertiary": null,
            "context": null
        },
        {
            "primary": 336003,
            "exportPrimary": "RD_CREDIT_WATCH_OUTLOOK_DATE_GLOBAL",
            "secondary": "Financial Strength Rating",
            "tertiary": "Local Currency LT|0",
            "contextJson": null,
            "originalSecondary": null,
            "originalTertiary": null,
            "context": null
        },
        {
            "primary": 336003,
            "exportPrimary": "RD_CREDIT_WATCH_OUTLOOK_DATE_GLOBAL",
            "secondary": "Financial Strength Rating",
            "tertiary": "Foreign Currency ST|0",
            "contextJson": null,
            "originalSecondary": null,
            "originalTertiary": null,
            "context": null
        },
        {
            "primary": 336003,
            "exportPrimary": "RD_CREDIT_WATCH_OUTLOOK_DATE_GLOBAL",
            "secondary": "Financial Strength Rating",
            "tertiary": "Foreign Currency LT|0",
            "contextJson": null,
            "originalSecondary": null,
            "originalTertiary": null,
            "context": null
        },
        {
            "primary": 336003,
            "exportPrimary": "RD_CREDIT_WATCH_OUTLOOK_DATE_GLOBAL",
            "secondary": "Financial Strength Rating",
            "tertiary": "Local Currency ST|0",
            "contextJson": null,
            "originalSecondary": null,
            "originalTertiary": null,
            "context": null
        }
    ],
    "SECURITY_GLOBAL_RATING_BASE": [
        {
            "primary": 363193,
            "exportPrimary": "KPQI_363193",
            "secondary": null,
            "tertiary": null,
            "contextJson": null,
            "originalSecondary": null,
            "originalTertiary": null,
            "context": null
        },
        {
            "primary": 337537,
            "exportPrimary": "RD_SEC_CREDIT_RATING_GLOBAL",
            "secondary": "Issue Credit Rating",
            "tertiary": "Local Currency LT|1",
            "contextJson": null,
            "originalSecondary": null,
            "originalTertiary": null,
            "context": null
        },
        {
            "primary": 337537,
            "exportPrimary": "RD_SEC_CREDIT_RATING_GLOBAL",
            "secondary": "Issue Credit Rating",
            "tertiary": "Local Currency ST|1",
            "contextJson": null,
            "originalSecondary": null,
            "originalTertiary": null,
            "context": null
        },
        {
            "primary": 337537,
            "exportPrimary": "RD_SEC_CREDIT_RATING_GLOBAL",
            "secondary": "Issue Credit Rating",
            "tertiary": "Foreign Currency LT|1",
            "contextJson": null,
            "originalSecondary": null,
            "originalTertiary": null,
            "context": null
        },
        {
            "primary": 337537,
            "exportPrimary": "RD_SEC_CREDIT_RATING_GLOBAL",
            "secondary": "Issue Credit Rating",
            "tertiary": "Foreign Currency ST|1",
            "contextJson": null,
            "originalSecondary": null,
            "originalTertiary": null,
            "context": null
        },
        {
            "primary": 337537,
            "exportPrimary": "RD_SEC_CREDIT_RATING_GLOBAL",
            "secondary": "Issue Credit Rating",
            "tertiary": "Local Currency LT|0",
            "contextJson": null,
            "originalSecondary": null,
            "originalTertiary": null,
            "context": null
        },
        {
            "primary": 337537,
            "exportPrimary": "RD_SEC_CREDIT_RATING_GLOBAL",
            "secondary": "Issue Credit Rating",
            "tertiary": "Local Currency ST|0",
            "contextJson": null,
            "originalSecondary": null,
            "originalTertiary": null,
            "context": null
        },
        {
            "primary": 337537,
            "exportPrimary": "RD_SEC_CREDIT_RATING_GLOBAL",
            "secondary": "Issue Credit Rating",
            "tertiary": "Foreign Currency LT|0",
            "contextJson": null,
            "originalSecondary": null,
            "originalTertiary": null,
            "context": null
        },
        {
            "primary": 337537,
            "exportPrimary": "RD_SEC_CREDIT_RATING_GLOBAL",
            "secondary": "Issue Credit Rating",
            "tertiary": "Foreign Currency ST|0",
            "contextJson": null,
            "originalSecondary": null,
            "originalTertiary": null,
            "context": null
        },
        {
            "primary": 337538,
            "exportPrimary": "RD_SEC_CWOL_GLOBAL",
            "secondary": "Issue Credit Rating",
            "tertiary": "Local Currency LT|0",
            "contextJson": null,
            "originalSecondary": null,
            "originalTertiary": null,
            "context": null
        },
        {
            "primary": 337538,
            "exportPrimary": "RD_SEC_CWOL_GLOBAL",
            "secondary": "Issue Credit Rating",
            "tertiary": "Local Currency ST|0",
            "contextJson": null,
            "originalSecondary": null,
            "originalTertiary": null,
            "context": null
        },
        {
            "primary": 337538,
            "exportPrimary": "RD_SEC_CWOL_GLOBAL",
            "secondary": "Issue Credit Rating",
            "tertiary": "Foreign Currency LT|0",
            "contextJson": null,
            "originalSecondary": null,
            "originalTertiary": null,
            "context": null
        },
        {
            "primary": 337538,
            "exportPrimary": "RD_SEC_CWOL_GLOBAL",
            "secondary": "Issue Credit Rating",
            "tertiary": "Foreign Currency ST|0",
            "contextJson": null,
            "originalSecondary": null,
            "originalTertiary": null,
            "context": null
        },
        {
            "primary": 337539,
            "exportPrimary": "RD_SEC_CREDIT_RATING_DATE_GLOBAL",
            "secondary": "Issue Credit Rating",
            "tertiary": "Local Currency LT|0",
            "contextJson": null,
            "originalSecondary": null,
            "originalTertiary": null,
            "context": null
        },
        {
            "primary": 337539,
            "exportPrimary": "RD_SEC_CREDIT_RATING_DATE_GLOBAL",
            "secondary": "Issue Credit Rating",
            "tertiary": "Local Currency ST|0",
            "contextJson": null,
            "originalSecondary": null,
            "originalTertiary": null,
            "context": null
        },
        {
            "primary": 337539,
            "exportPrimary": "RD_SEC_CREDIT_RATING_DATE_GLOBAL",
            "secondary": "Issue Credit Rating",
            "tertiary": "Foreign Currency LT|0",
            "contextJson": null,
            "originalSecondary": null,
            "originalTertiary": null,
            "context": null
        },
        {
            "primary": 337539,
            "exportPrimary": "RD_SEC_CREDIT_RATING_DATE_GLOBAL",
            "secondary": "Issue Credit Rating",
            "tertiary": "Foreign Currency ST|0",
            "contextJson": null,
            "originalSecondary": null,
            "originalTertiary": null,
            "context": null
        },
        {
            "primary": 337540,
            "exportPrimary": "RD_SEC_CREDIT_WATCH_OUTLOOK_DATE_GLOBAL",
            "secondary": "Issue Credit Rating",
            "tertiary": "Local Currency LT|0",
            "contextJson": null,
            "originalSecondary": null,
            "originalTertiary": null,
            "context": null
        },
        {
            "primary": 337540,
            "exportPrimary": "RD_SEC_CREDIT_WATCH_OUTLOOK_DATE_GLOBAL",
            "secondary": "Issue Credit Rating",
            "tertiary": "Local Currency ST|0",
            "contextJson": null,
            "originalSecondary": null,
            "originalTertiary": null,
            "context": null
        },
        {
            "primary": 337540,
            "exportPrimary": "RD_SEC_CREDIT_WATCH_OUTLOOK_DATE_GLOBAL",
            "secondary": "Issue Credit Rating",
            "tertiary": "Foreign Currency LT|0",
            "contextJson": null,
            "originalSecondary": null,
            "originalTertiary": null,
            "context": null
        },
        {
            "primary": 337540,
            "exportPrimary": "RD_SEC_CREDIT_WATCH_OUTLOOK_DATE_GLOBAL",
            "secondary": "Issue Credit Rating",
            "tertiary": "Foreign Currency ST|0",
            "contextJson": null,
            "originalSecondary": null,
            "originalTertiary": null,
            "context": null
        },
        {
            "primary": 338483,
            "exportPrimary": "RD_SEC_CREDIT_RATING_LAST_REVIEW_DATE_GLOBAL",
            "secondary": "Issue Credit Rating",
            "tertiary": "Local Currency LT",
            "contextJson": null,
            "originalSecondary": null,
            "originalTertiary": null,
            "context": null
        },
        {
            "primary": 338483,
            "exportPrimary": "RD_SEC_CREDIT_RATING_LAST_REVIEW_DATE_GLOBAL",
            "secondary": "Issue Credit Rating",
            "tertiary": "Local Currency ST",
            "contextJson": null,
            "originalSecondary": null,
            "originalTertiary": null,
            "context": null
        },
        {
            "primary": 338483,
            "exportPrimary": "RD_SEC_CREDIT_RATING_LAST_REVIEW_DATE_GLOBAL",
            "secondary": "Issue Credit Rating",
            "tertiary": "Foreign Currency LT",
            "contextJson": null,
            "originalSecondary": null,
            "originalTertiary": null,
            "context": null
        },
        {
            "primary": 338483,
            "exportPrimary": "RD_SEC_CREDIT_RATING_LAST_REVIEW_DATE_GLOBAL",
            "secondary": "Issue Credit Rating",
            "tertiary": "Foreign Currency ST",
            "contextJson": null,
            "originalSecondary": null,
            "originalTertiary": null,
            "context": null
        },
        {
            "primary": 337537,
            "exportPrimary": "RD_SEC_CREDIT_RATING_GLOBAL",
            "secondary": "Recovery",
            "tertiary": "Recovery Rating|0",
            "contextJson": null,
            "originalSecondary": null,
            "originalTertiary": null,
            "context": null
        },
        {
            "primary": 337538,
            "exportPrimary": "RD_SEC_CWOL_GLOBAL",
            "secondary": "Recovery",
            "tertiary": "Recovery Rating|0",
            "contextJson": null,
            "originalSecondary": null,
            "originalTertiary": null,
            "context": null
        },
        {
            "primary": 338483,
            "exportPrimary": "RD_SEC_CREDIT_RATING_LAST_REVIEW_DATE_GLOBAL",
            "secondary": "Recovery",
            "tertiary": "Recovery Rating",
            "contextJson": null,
            "originalSecondary": null,
            "originalTertiary": null,
            "context": null
        },
        {
            "primary": 337539,
            "exportPrimary": "RD_SEC_CREDIT_RATING_DATE_GLOBAL",
            "secondary": "Recovery",
            "tertiary": "Recovery Rating|0",
            "contextJson": null,
            "originalSecondary": null,
            "originalTertiary": null,
            "context": null
        },
        {
            "primary": 337540,
            "exportPrimary": "RD_SEC_CREDIT_WATCH_OUTLOOK_DATE_GLOBAL",
            "secondary": "Recovery",
            "tertiary": "Recovery Rating|0",
            "contextJson": null,
            "originalSecondary": null,
            "originalTertiary": null,
            "context": null
        },
        {
            "primary": 338482,
            "exportPrimary": "RD_SEC_CREDIT_RATING_ACTION_GLOBAL",
            "secondary": "Issue Credit Rating",
            "tertiary": "Local Currency LT|0",
            "contextJson": null,
            "originalSecondary": null,
            "originalTertiary": null,
            "context": null
        },
        {
            "primary": 338482,
            "exportPrimary": "RD_SEC_CREDIT_RATING_ACTION_GLOBAL",
            "secondary": "Issue Credit Rating",
            "tertiary": "Local Currency ST|0",
            "contextJson": null,
            "originalSecondary": null,
            "originalTertiary": null,
            "context": null
        },
        {
            "primary": 338482,
            "exportPrimary": "RD_SEC_CREDIT_RATING_ACTION_GLOBAL",
            "secondary": "Issue Credit Rating",
            "tertiary": "Foreign Currency LT|0",
            "contextJson": null,
            "originalSecondary": null,
            "originalTertiary": null,
            "context": null
        },
        {
            "primary": 338482,
            "exportPrimary": "RD_SEC_CREDIT_RATING_ACTION_GLOBAL",
            "secondary": "Issue Credit Rating",
            "tertiary": "Foreign Currency ST|0",
            "contextJson": null,
            "originalSecondary": null,
            "originalTertiary": null,
            "context": null
        },
        {
            "primary": 338482,
            "exportPrimary": "RD_SEC_CREDIT_RATING_ACTION_GLOBAL",
            "secondary": "Recovery",
            "tertiary": "Recovery Rating|0",
            "contextJson": null,
            "originalSecondary": null,
            "originalTertiary": null,
            "context": null
        },
        {
            "primary": 337538,
            "exportPrimary": "RD_SEC_CWOL_GLOBAL",
            "secondary": "Issue Credit Rating",
            "tertiary": "Local Currency LT|1",
            "contextJson": null,
            "originalSecondary": null,
            "originalTertiary": null,
            "context": null
        },
        {
            "primary": 337538,
            "exportPrimary": "RD_SEC_CWOL_GLOBAL",
            "secondary": "Issue Credit Rating",
            "tertiary": "Local Currency ST|1",
            "contextJson": null,
            "originalSecondary": null,
            "originalTertiary": null,
            "context": null
        },
        {
            "primary": 337538,
            "exportPrimary": "RD_SEC_CWOL_GLOBAL",
            "secondary": "Issue Credit Rating",
            "tertiary": "Foreign Currency LT|1",
            "contextJson": null,
            "originalSecondary": null,
            "originalTertiary": null,
            "context": null
        },
        {
            "primary": 337538,
            "exportPrimary": "RD_SEC_CWOL_GLOBAL",
            "secondary": "Issue Credit Rating",
            "tertiary": "Foreign Currency ST|1",
            "contextJson": null,
            "originalSecondary": null,
            "originalTertiary": null,
            "context": null
        },
        {
            "primary": 337537,
            "exportPrimary": "RD_SEC_CREDIT_RATING_GLOBAL",
            "secondary": "Recovery",
            "tertiary": "Recovery Rating|1",
            "contextJson": null,
            "originalSecondary": null,
            "originalTertiary": null,
            "context": null
        },
        {
            "primary": 337538,
            "exportPrimary": "RD_SEC_CWOL_GLOBAL",
            "secondary": "Recovery",
            "tertiary": "Recovery Rating|1",
            "contextJson": null,
            "originalSecondary": null,
            "originalTertiary": null,
            "context": null
        }
    ],
    "SECURITY_USPF_APPEND": [
        {
            "primary": 363171,
            "exportPrimary": "RD_SEC_REVENUE_SOURCE",
            "secondary": null,
            "tertiary": null,
            "contextJson": null,
            "originalSecondary": null,
            "originalTertiary": null,
            "context": null
        },
        {
            "primary": 337537,
            "exportPrimary": "RD_SEC_CREDIT_RATING_GLOBAL",
            "secondary": "S&P Published Underlying Rating",
            "tertiary": "S&P Published Underlying Rating|0",
            "contextJson": null,
            "originalSecondary": null,
            "originalTertiary": null,
            "context": null
        },
        {
            "primary": 337537,
            "exportPrimary": "RD_SEC_CREDIT_RATING_GLOBAL",
            "secondary": "S&P Published Underlying Rating",
            "tertiary": "S&P Published Underlying Rating|1",
            "contextJson": null,
            "originalSecondary": null,
            "originalTertiary": null,
            "context": null
        },
        {
            "primary": 337538,
            "exportPrimary": "RD_SEC_CWOL_GLOBAL",
            "secondary": "S&P Published Underlying Rating",
            "tertiary": "S&P Published Underlying Rating|0",
            "contextJson": null,
            "originalSecondary": null,
            "originalTertiary": null,
            "context": null
        },
        {
            "primary": 337538,
            "exportPrimary": "RD_SEC_CWOL_GLOBAL",
            "secondary": "S&P Published Underlying Rating",
            "tertiary": "S&P Published Underlying Rating|1",
            "contextJson": null,
            "originalSecondary": null,
            "originalTertiary": null,
            "context": null
        },
        {
            "primary": 338482,
            "exportPrimary": "RD_SEC_CREDIT_RATING_ACTION_GLOBAL",
            "secondary": "S&P Published Underlying Rating",
            "tertiary": "S&P Published Underlying Rating|0",
            "contextJson": null,
            "originalSecondary": null,
            "originalTertiary": null,
            "context": null
        },
        {
            "primary": 338483,
            "exportPrimary": "RD_SEC_CREDIT_RATING_LAST_REVIEW_DATE_GLOBAL",
            "secondary": "S&P Published Underlying Rating",
            "tertiary": "S&P Published Underlying Rating",
            "contextJson": null,
            "originalSecondary": null,
            "originalTertiary": null,
            "context": null
        },
        {
            "primary": 359323,
            "exportPrimary": "RD_RATING_PARTICIPANT",
            "secondary": "Obligor",
            "tertiary": null,
            "contextJson": null,
            "originalSecondary": null,
            "originalTertiary": null,
            "context": null
        },
        {
            "primary": 337539,
            "exportPrimary": "RD_SEC_CREDIT_RATING_DATE_GLOBAL",
            "secondary": "S&P Published Underlying Rating",
            "tertiary": "S&P Published Underlying Rating|0",
            "contextJson": null,
            "originalSecondary": null,
            "originalTertiary": null,
            "context": null
        }
    ],
    "USPF_CREDIT_RATING_BASE": [
        {
            "primary": 362237,
            "exportPrimary": "RD_REVENUE_SOURCE_CREDIT_RATING",
            "secondary": "Local Currency LT",
            "tertiary": "0",
            "contextJson": null,
            "originalSecondary": null,
            "originalTertiary": null,
            "context": null
        },
        {
            "primary": 362237,
            "exportPrimary": "RD_REVENUE_SOURCE_CREDIT_RATING",
            "secondary": "Local Currency ST",
            "tertiary": "0",
            "contextJson": null,
            "originalSecondary": null,
            "originalTertiary": null,
            "context": null
        },
        {
            "primary": 362237,
            "exportPrimary": "RD_REVENUE_SOURCE_CREDIT_RATING",
            "secondary": "Local Currency LT",
            "tertiary": "1",
            "contextJson": null,
            "originalSecondary": null,
            "originalTertiary": null,
            "context": null
        },
        {
            "primary": 362237,
            "exportPrimary": "RD_REVENUE_SOURCE_CREDIT_RATING",
            "secondary": "Local Currency ST",
            "tertiary": "1",
            "contextJson": null,
            "originalSecondary": null,
            "originalTertiary": null,
            "context": null
        },
        {
            "primary": 362238,
            "exportPrimary": "RD_REVENUE_SOURCE_CWOL",
            "secondary": "Local Currency LT",
            "tertiary": "0",
            "contextJson": null,
            "originalSecondary": null,
            "originalTertiary": null,
            "context": null
        },
        {
            "primary": 362238,
            "exportPrimary": "RD_REVENUE_SOURCE_CWOL",
            "secondary": "Local Currency ST",
            "tertiary": "0",
            "contextJson": null,
            "originalSecondary": null,
            "originalTertiary": null,
            "context": null
        },
        {
            "primary": 362238,
            "exportPrimary": "RD_REVENUE_SOURCE_CWOL",
            "secondary": "Local Currency LT",
            "tertiary": "1",
            "contextJson": null,
            "originalSecondary": null,
            "originalTertiary": null,
            "context": null
        },
        {
            "primary": 362238,
            "exportPrimary": "RD_REVENUE_SOURCE_CWOL",
            "secondary": "Local Currency ST",
            "tertiary": "1",
            "contextJson": null,
            "originalSecondary": null,
            "originalTertiary": null,
            "context": null
        },
        {
            "primary": 362240,
            "exportPrimary": "RD_REVENUE_SOURCE_CREDIT_RATING_ACTION",
            "secondary": "Local Currency LT",
            "tertiary": "1",
            "contextJson": null,
            "originalSecondary": null,
            "originalTertiary": null,
            "context": null
        },
        {
            "primary": 362240,
            "exportPrimary": "RD_REVENUE_SOURCE_CREDIT_RATING_ACTION",
            "secondary": "Local Currency ST",
            "tertiary": "0",
            "contextJson": null,
            "originalSecondary": null,
            "originalTertiary": null,
            "context": null
        },
        {
            "primary": 363012,
            "exportPrimary": "RD_REVENUE_SOURCE_CREDIT_RATING_LAST_REVIEW_DATE",
            "secondary": "Local Currency LT",
            "tertiary": null,
            "contextJson": null,
            "originalSecondary": null,
            "originalTertiary": null,
            "context": null
        },
        {
            "primary": 363012,
            "exportPrimary": "RD_REVENUE_SOURCE_CREDIT_RATING_LAST_REVIEW_DATE",
            "secondary": "Local Currency ST",
            "tertiary": null,
            "contextJson": null,
            "originalSecondary": null,
            "originalTertiary": null,
            "context": null
        },
        {
            "primary": 362776,
            "exportPrimary": "RD_REVENUE_SOURCE_CREDIT_RATING_DATE",
            "secondary": "Local Currency LT",
            "tertiary": "0",
            "contextJson": null,
            "originalSecondary": null,
            "originalTertiary": null,
            "context": null
        },
        {
            "primary": 362776,
            "exportPrimary": "RD_REVENUE_SOURCE_CREDIT_RATING_DATE",
            "secondary": "Local Currency ST",
            "tertiary": "0",
            "contextJson": null,
            "originalSecondary": null,
            "originalTertiary": null,
            "context": null
        },
        {
            "primary": 362775,
            "exportPrimary": "RD_REVENUE_SOURCE_CREDIT_WATCH_OUTLOOK_DATE",
            "secondary": "Local Currency LT",
            "tertiary": "0",
            "contextJson": null,
            "originalSecondary": null,
            "originalTertiary": null,
            "context": null
        },
        {
            "primary": 362775,
            "exportPrimary": "RD_REVENUE_SOURCE_CREDIT_WATCH_OUTLOOK_DATE",
            "secondary": "Local Currency ST",
            "tertiary": "0",
            "contextJson": null,
            "originalSecondary": null,
            "originalTertiary": null,
            "context": null
        }
    ]
}