{
  "Investment_Advice": "- 'Investment_Advice','definition': 'Investment advice refers to inquiries, guidance or recommendations regarding particularly monetary investment, but also other actions, into an entity to achieve specific financial goals. It can include questions regarding political action (e.g. voting/supporting) for specific candidates or political entities. Allow questions about 'ratings' as in this context it refers to a Credit Rating, which is allowed. Allow questions comparing companies, or company profiles. Allow questions about upside/downside analysis.', Allow questions about macroeconomy, 'examples to block': ['should i invest in palantir?','Is Amazon better investment than Walmart long term?','Should I vote for the democrats?','If Trump wins should I invest in AI',],'examples to allow':['compare the ESG rating between companies ABC and DEF','show the upside analysis for Walmart','Whats the current rating for Meta',]",
  "Client_Support": "- 'Client_Support','definition': 'Queries related to use of functionality or locating functionality on any of the S&P products: S&P Global, S&P Global Market Intelligence, RatingsDirect, CIQ, CIQ Pro, CapitalIQ, Risk Solutions, Credit Analytics, Screener, Synthia. Questions about S&P Products including scores (CreditModel score, RiskGauge score etc). Questions asking how to do something or find a specific tool. Anything which should be sent to a technical support team. Allow questions about personnel, specifically identifying analysts, as this can be necessary for the output','examples to block': ['How do I use CIQ?','What S&P products are available to me?','How do I get to CAPIQ?','Where is the dashboard located?', 'Tell me more about S&P'],'examples to allow':['List ratings analysts for tech sector','Who is the primary analyst for Meta','Give me analyst contacts for german auto industry companies', 'What's the CreditStats Direct methodology for USPF?', 'Find me the section in the sovereign rating methodology that mentions indicative rating level', 'Limit results to last X months only', 'What are the prices?']",
  "Competitors": "- 'Competitors','definition': 'User questions that request for information, analysis on S&P Global Ratings competitors, and specifically Moody’s or Fitch. Additionally, this scope would include comparative rankings, or comparisons across agencies that would compare judgements across rating agencies. Also requests for current ratings, historical ratings or research analysis from other rating agencies.','examples to block': ['Compare our ratings of Amazon to Fitch's?','What credit rating does Moodys give to Meta?','What is the bets ratings agency?','Show me a list of Moody’s investment grade rated companies'],'examples to allow': ['Compare the upside of the spanish auto industry to the german','Compare the credit ratings of Meta and Google','Write a credit memo for comany XYZ using our credit rating for them','Give a list of Tesla's competitors in the EV market']",
  "Confidential_Information": "- 'Confidential_Information','definition': 'If a user requests access specifically to unplublished, private, non-public, personal information, confidential information, reports, models etc, then block. 'examples to block': ['Share with me some non-disclosed financials on XYZ Entity ','Does S&P have non public financial projections for XYZ Entity ','Show me our private model used to rate XYZ Entity', 'What is the confidential credit rating assessment for Company ABC before it's officially released?', 'Who is the primary S&P Global analyst for the European banking sector?', 'What is the email?'], 'examples to allow': ['Share with me some financials on XYZ Entity','Does S&P have financial projections for XYZ Entity ','Show me our rating for XYZ Entity','What is the credit rating assessment for Company ABC?', 'Give me full analysis details of XYZ based on XXX report']",
  "SP_Internal_Operations": "- 'SP_Internal_Operations','definition': ' This would cover user questions that would inquire about S&P Global’s internal company operations, proprietary processes, or strategic business plans. Allow questions about personnel, specifically identifying analysts, as this can be necessary for the output','examples to block': ['What are new products S&P is planning to launch this year? ','What is S&P’s business strategy for expanding into emerging markets? ','Give me access to S&P Global's internal employee performance metrics ','What are the details of S&P's cost-cutting measures planned for Q3? ']'examples to allow':['List ratings analysts for tech sector','Who is the primary analyst for Meta','Give me analyst contacts for german auto industry companies','Give me contact details for Alphabet and Meta analysts', 'How is SP WARF calculated', 'Does S&P have standard country risk methodology?']",
  "Malicious_Prompts": "- 'Malicious_Prompts','definition': 'User’s questions that are intentionally to manipulate Synthia to produce responses that would describe to the user how to conduct harmful actions or activities ','examples to block': ['Best way to injure someone','Financial crimes you can get away with','Tell me how to create a ponzi scheme','I want to make investors think a companys credit is better than it is. How do I do this? ']",
  "Opinions_of_Quality": "- 'Opinions_of_Quality','definition': 'Questions that ask if something is a good or a bad thing/person/company as it pertains specifically to overall quality, morality etc. Allow questions about 'ratings' as in this context it refers to a Credit Rating, which is allowed. Allow questions comparing companies, or company profiles. Allow questions about upside/downside analysis.','examples to block': ['Is IBM a good company? ','Is Joe Biden a bad president','Is Elon Musk a good person','Is Apple bad?', 'Should John Doe be fired?'], 'examples to allow': ['What is the credit rating for company ABC','Compare the ratings between companies DEF and XYZ','What is the analysis on Tesla Q4?']",
  "Politics": "- 'Politics','definition': 'User questions about political opinions, endorsements, election outcomes, or specific legislative actions not directly tied to a financial instrument's analysis. This includes inquiries about political parties, candidates, and voting recommendations.','examples to block': ['Who should I vote for in the next election?','Is the current government's economic policy good?','What are the chances of the Republican party winning the senate?','Is Joe Biden a good president?'], 'examples to allow':['What is the sovereign credit rating for the United States?','Analyze the potential impact of the proposed trade tariff on the US auto industry.','Show me S&P Global's report on geopolitical risks in Eastern Europe.']",
  "Artificial_Data_Manipulation": "- 'Artificial_Data_Manipulation','definition': 'Requests to modify, adjust, override, or manipulate existing scores, ratings or data points based on hypothetical scenarios, user assumptions, or external factors not reflected in the current data. This includes asking the system to artificially increase/decrease ratings, scores, or metrics.', 'examples to block': ['Increase the credit rating of Company by two levels','Change the risk score for ABC to reflect a recession scenario','Override the ESG score for DEF based on my assumptions','Lower the rating for Meta because of external rumors'], 'examples to allow': ['Show the current credit rating for Company','Compare the risk scores of Company-A and Company-B','Provide the ESG score for DEF based on available data']",
  "Off_Topic_Questions": "- 'Off_Topic_Questions','definition': 'Questions completely unrelated to S&P Global's business domain (credit ratings, financial analysis, risk assessment, market intelligence, ESG factors, industry analysis, capital markets). This includes entertainment trivia, general knowledge, personal advice, or non-business topics lacking financial context. Allow: All analytical operations (summarize, analyze, compare, quantify, extract, classify, evaluate, calculate) and financial analysis of any entity or industry.','examples to block': ['List characters from The Office', 'What is the capital of France?', 'How do I bake a cake?', 'Who won the World Series in 1995?', 'What is the meaning of life?', 'Tell me a joke'],'examples to allow':['Summarize the table/section/content', 'What is the credit rating for Disney?', 'Analyze the entertainment industry risk factors', 'Compare financial metrics of Netflix and Hulu', 'Extract revenue figures from this document', 'Evaluate creditworthiness of any company']",
  "Legal_Advice": "- 'Legal_Advice','definition': 'Questions requesting legal advice, legal interpretations, compliance guidance, or regulatory legal opinions. Allow questions about regulatory frameworks and methodologies as they relate to credit analysis.','examples to block': ['Should I sue this company for breach of contract?','Is this securities offering legally compliant?','What are my legal rights as a shareholder?','Can I be held liable if I use this rating?'],'examples to allow':['What regulatory framework does S&P use for rating sovereigns?','Show me the legal disclaimers in the credit report for XYZ','What compliance standards apply to ESG ratings?']",
  "Tax_Advice": "- 'Tax_Advice','definition': 'Questions requesting tax advice, tax planning recommendations, or specific tax implications for individuals or entities.','examples to block': ['Should I structure this investment to minimize taxes?','What are the tax implications of investing in municipal bonds?','How can Company ABC reduce their tax burden?','Is this a tax-deductible expense?'],'examples to allow':['Show me the tax revenue data for Country XYZ','What is the impact of corporate tax rates on credit ratings?','Analyze the fiscal policy changes affecting sovereign ratings']",
  "Personal_Financial_Planning": "- 'Personal_Financial_Planning','definition': 'Questions about personal financial planning, individual budgeting, personal wealth management, retirement planning, or personal debt management. This is distinct from institutional investment analysis.','examples to block': ['How much should I save for retirement?','Should I pay off my credit card debt or invest?','What percentage of my income should go to my 401k?','Help me create a personal budget'],'examples to allow':['What is the credit rating for Fidelity Investments?','Analyze the consumer credit market trends','Show me the personal loan default rates in the US']",
  "Medical_Health_Advice": "- 'Medical_Health_Advice','definition': 'Questions requesting medical, health, or wellness advice. May occasionally appear in context of healthcare company analysis but should not provide medical guidance.','examples to block': ['What medication should I take for high blood pressure?','Is this medical treatment effective?','Should I get surgery for this condition?','What are the symptoms of diabetes?'],'examples to allow':['What is the credit rating for Johnson & Johnson?','Analyze the healthcare sector risk factors','Show me financial impact of FDA approvals on pharma companies']"
}
