{
    "Investment_Advice": "CreditMemo Builder(TM) Beta is designed with the intention of not responding to questions that ask for specific financial advise. Please try rephrasing your question, and share your feedback. ",
    "Client_Support": "For help with the CreditMemo Builder(TM) Beta platform and its products please reach out to Customer Support.",
    "Competitors": "CreditMemo Builder(TM) Beta is designed to provide responses based on its corpus of proprietary report data. Please try rephrasing your question, and share your feedback.",
    "Confidential_Information": "CreditMemo Builder(TM) Beta is designed to provide responses based on the proprietary report data. Please try rephrasing your question, and share your feedback.",
    "SP_Internal_Operations": "CreditMemo Builder(TM) Beta is designed to provide responses based on the proprietary report data. Please try rephrasing your question, and share your feedback.",
    "Malicious_Prompts": "CreditMemo Builder(TM) Beta is designed to provide responses on credit memo specific responses about report data. Your question falls out of the purview of CreditMemo Builder(TM) Beta's capabilities. Please try a different question, and share your feedback.",
    "Opinions_of_Quality": "CreditMemo Builder(TM) Beta will not provide judgement on the overall quality or ethicality of an entity in responses. CreditMemo Builder(TM) Beta can still answer questions pertaining to credit memo. Please try rephrasing your question, and share your feedback.",
    "Politics": "CreditMemo Builder(TM) Beta will not provide judgment on the politics or political opinion. CreditMemo Builder(TM) Beta can still answer questions pertaining to credit memo. Please try rephrasing your question, and share your feedback.",
    "Artificial_Data_Manipulation": "CreditMemo Builder(TM) Beta does not provide any judgment, advice or opinion. Please try rephrasing your question, and share your feedback.",
    "Off_Topic_Questions": "CreditMemo Builder(TM) Beta is designed to provide responses on credit memo and financial analysis topics only. Your question appears to be unrelated to credit ratings, financial analysis, or market intelligence. Please ask a question related to credit memo, and share your feedback.",
    "Legal_Advice": "CreditMemo Builder(TM) Beta does not provide legal advice or legal interpretations. For legal matters, please consult with qualified legal counsel. Please try rephrasing your question to focus on credit analysis, and share your feedback.",
    "Tax_Advice": "CreditMemo Builder(TM) Beta does not provide tax advice or tax planning recommendations. For tax-related matters, please consult with a qualified tax professional. Please try rephrasing your question to focus on credit analysis, and share your feedback.",
    "Personal_Financial_Planning": "CreditMemo Builder(TM) Beta is designed for institutional credit analysis and does not provide personal financial planning, budgeting, or individual wealth management advice. Please try rephrasing your question to focus on credit memo topics, and share your feedback.",
    "System_Manipulation": "CreditMemo Builder(TM) Beta has detected an attempt to manipulate system instructions or bypass safety guidelines. Please ask legitimate questions related to credit memo, and share your feedback.",
    "Jailbreak_Attempts": "CreditMemo Builder(TM) Beta is designed to operate within specific guidelines and cannot process requests that attempt to override these parameters. Please ask a question related to credit memo, and share your feedback.",
    "Medical_Health_Advice": "CreditMemo Builder(TM) Beta is designed for credit and financial analysis only and does not provide medical, health, or wellness advice. Please ask a question related to credit memo, and share your feedback."
}
