{
  "sheets": {
    "1a_5y Financial Highlights": {
      "tables": [
        {
          "name": "1a_5y Financial Highlights - INDIVIDUALE - CEBI",
          "range": "B7:T30"
        },
        {
          "name": "1a_5y Financial Highlights - CONSOLIDATO - CEBI",
          "range": "B39:T62"
        },
        {
          "name": "1a_5y Financial Highlights - CONSOLIDATO - CIQ",
          "range": "B70:T93"
        },
        {
          "name": "1a_5y Financial Highlights - CONSOLIDATO - MANUALE",
          "range": "B100:T123"
        }
      ]
    },
    "15a_Base case CO FS": {
      "tables": [
        {
          "name": "15a_Base case CO FS - Income Statement",
          "range": "A9:AE22"
        },
        {
          "name": "15a_Base case CO FS - Balance Sheet",
          "range": "A24:AE34"
        },
        {
          "name": "15a_Base case CO FS - Cash Flow",
          "range": "A36:AE58"
        },
        {
          "name": "15a_Base case CO FS - Cash Flow 2",
          "range": "A60:AE67"
        },
        {
          "name": "15a_Base case CO FS - Core Ratios",
          "range": "A69:AB87"
        },
        {
          "name": "15a_Base case CO FS - Ratios",
          "range": "A90:AB102"
        }
      ]
    },
    "15a_ Base Case sintesi": {
      "tables": [
        {
          "name": "15a_ Base Case sintesi - Business Plan (Base Case)",
          "range": "A11:AC39"
        },
        {
          "name": "15a_ Base Case sintesi - Selected historical Business Plan (Base Case)",
          "range": "C71:AB99"
        }
      ]
    },
    "POC S&P - BS": {
      "tables": [
        {
          "name": "POC S&P - BS - INDIVIDUALE - CEBI - ASSETS",
          "range": "B7:F18"
        },
        {
          "name": "POC S&P - BS - INDIVIDUALE - CEBI - LIABILITIES AND EQUITY",
          "range": "B19:F29"
        },
        {
          "name": "POC S&P - BS - CONSOLIDATO - CEBI - ASSETS",
          "range": "B39:F50"
        },
        {
          "name": "POC S&P - BS - CONSOLIDATO - CEBI - LIABILITIES AND EQUITY",
          "range": "B51:F62"
        },
        {
          "name": "POC S&P - BS - CONSOLIDATO - CIQ - ASSETS",
          "range": "B70:F81"
        },
        {
          "name": "POC S&P - BS - CONSOLIDATO - CIQ - LIABILITIES AND EQUITY",
          "range": "B82:F93"
        },
        {
          "name": "POC S&P - BS - CONSOLIDATO - MANUALE - ASSETS",
          "range": "B100:F111"
        },
        {
          "name": "POC S&P - BS - CONSOLIDATO - MANUALE - LIABILITIES AND EQUITY",
          "range": "B112:F123"
        }
      ]
    },
    "POC S&P - IS": {
      "tables": [
        {
          "name": "POC S&P - IS - INDIVIDUALE - CEBI",
          "range": "B6:F26"
        },
        {
          "name": "POC S&P - IS - CONSOLIDATO - CEBI",
          "range": "B38:F60"
        },
        {
          "name": "POC S&P - IS - CONSOLIDATO - CIQ",
          "range": "B69:F91"
        },
        {
          "name": "POC S&P - IS - CONSOLIDATO - MANUALE",
          "range": "B99:F121"
        }
      ]
    },
    "POC S&P - CF": {
      "tables": [
        {
          "name": "POC S&P - CF - INDIVIDUALE - CEBI",
          "range": "B6:D20"
        },
        {
          "name": "POC S&P - CF - CONSOLIDATO - CEBI",
          "range": "B38:D52"
        },
        {
          "name": "POC S&P - CF - CONSOLIDATO - CIQ",
          "range": "B69:D83"
        },
        {
          "name": "POC S&P - CF - CONSOLIDATO - MANUALE",
          "range": "B99:D100"
        }
      ]
    },
    "Financial Statement - manual": {
      "tables": [
        {
          "name": "Financial Statement - manual - CONSOLIDATED FINANCIAL STATEMENT - BALANCE SHEET - ASSETS",
          "range": "F9:L17"
        },
        {
          "name": "Financial Statement - manual - CONSOLIDATED FINANCIAL STATEMENT - BALANCE SHEET - LIABILITIES AND EQUITY",
          "range": "R9:X17"
        },
        {
          "name": "Financial Statement - manual - CONSOLIDATED FINANCIAL STATEMENT - CONSOLIDATED INCOME STATEMENT",
          "range": "F19:L40"
        },
        {
          "name": "Financial Statement - manual - CONSOLIDATED FINANCIAL STATEMENT - NET FINANCIAL POSITION",
          "range": "R19:V37"
        },
        {
          "name": "Financial Statement - manual - CONSOLIDATED FINANCIAL STATEMENT - RATIOS",
          "range": "R38:V47"
        },
        {
          "name": "Financial Statement - manual - CONSOLIDATED FINANCIAL STATEMENT - INTERIM - BALANCE SHEET - ASSETS",
          "range": "F80:L88"
        },
        {
          "name": "Financial Statement - manual - CONSOLIDATED FINANCIAL STATEMENT - INTERIM - BALANCE SHEET - LIABILITIES AND EQUITY",
          "range": "R80:X88"
        },
        {
          "name": "Financial Statement - manual - CONSOLIDATED FINANCIAL STATEMENT - INTERIM - CONSOLIDATED INCOME STATEMENT",
          "range": "F90:L111"
        },
        {
          "name": "Financial Statement - manual - CONSOLIDATED FINANCIAL STATEMENT - INTERIM - NET FINANCIAL POSITION",
          "range": "R90:V108"
        },
        {
          "name": "Financial Statement - manual - CONSOLIDATED FINANCIAL STATEMENT - INTERIM - RATIOS",
          "range": "R109:V118"
        },
        {
          "name": "Financial Statement - manual - STANDALONE FINANCIAL STATEMENT - BALANCE SHEET - ASSETS",
          "range": "F128:L136"
        },
        {
          "name": "Financial Statement - manual - STANDALONE FINANCIAL STATEMENT - BALANCE SHEET - LIABILITIES AND EQUITY",
          "range": "R128:X136"
        },
        {
          "name": "Financial Statement - manual - STANDALONE FINANCIAL STATEMENT - STANDALONE INCOME STATEMENT",
          "range": "F138:L159"
        },
        {
          "name": "Financial Statement - manual - STANDALONE FINANCIAL STATEMENT - NET FINANCIAL POSITION",
          "range": "R138:V156"
        },
        {
          "name": "Financial Statement - manual - STANDALONE FINANCIAL STATEMENT - RATIOS",
          "range": "R157:V166"
        }
      ]
    }
  }
}
