{
  "sheets": {
    "Peer Analysis": {
      "tables": [
        {
          "name": "Peer Analysis",
          "range": "A2:M23"
        }
      ]
    },
    "Detailed Peer Analysis": {
      "tables": [
        {
          "name": "Detailed Peer Analysis",
          "range": "A1:G34"
        }
      ]
    },
    "Financial Highlights": {
      "tables": [
        {
          "name": "Financial Highlights",
          "range": "A1:H8"
        },
        {
          "name": "Financial Highlights - Composition",
          "range": "A11:F18"
        }
      ]
    },
    "Detailed Financials": {
      "tables": [
        {
          "name": "Assets",
          "range": "A2:L14"
        },
        {
          "name": "Liabilities",
          "range": "A16:L29"
        },
        {
          "name": "Calcs",
          "range": "A31:L47"
        }
      ]
    },
    "Ratios and Other Info": {
      "tables": [
        {
          "name": "Ratios and Other Info",
          "range": "A1:F43"
        }
      ]
    }
  }
}